,low_pd,rsi_pd,rsi_threshold,max_dim,Days in Market,In-market pct,# Rnd Trips,Win Rate,Result
0,3,2,30,3,398,9.444708115804461,333,0.07214048410061699,1174.064003150214
1,3,2,30,4,432,10.251542477456098,327,0.07427622211675368,1152.1035520248463
2,3,2,30,5,450,10.678690080683436,325,0.07332700522069292,1214.6051019943916
3,3,2,30,6,464,11.010915994304698,324,0.07261509254864737,1211.978458540426
4,3,2,30,7,471,11.17702895111533,323,0.0719031798766018,1239.5220393208904
5,3,2,40,3,446,10.583768391077362,326,0.07285239677266256,1154.74147177324
6,3,2,40,4,491,11.651637399145704,319,0.07356430944470811,1155.238567441103
7,3,2,40,5,517,12.268628381585192,317,0.07166587565258661,1215.9619519720763
8,3,2,40,6,538,12.766967252017086,314,0.07095396298054106,1197.806044843621
9,3,2,40,7,550,13.051732320835312,313,0.07119126720455624,1253.7967783609952
10,3,2,50,3,531,12.600854295206455,319,0.07047935453251068,1085.1026243627732
11,3,2,50,4,601,14.261983863312768,308,0.0719031798766018,1094.8020897878334
12,3,2,50,5,642,15.234931181775035,300,0.068343616516374,1121.04757438307
13,3,2,50,6,681,16.160417655434266,295,0.06763170384432843,1102.7054047211202
14,3,2,50,7,702,16.65875652586616,293,0.06739439962031324,1175.074020132351
15,3,2,60,3,622,14.76032273374466,314,0.0702420503084955,1086.7210021659785
16,3,2,60,4,703,16.68248694826768,298,0.0700047460844803,1080.7495013491473
17,3,2,60,5,770,18.272425249169434,287,0.06739439962031324,1063.2066343555239
18,3,2,60,6,816,19.364024679639297,279,0.06573327005220693,1038.4786652640782
19,3,2,60,7,852,20.218319886093973,276,0.06549596582819174,1101.240728946814
20,3,2,70,3,728,17.27574750830565,307,0.06786900806834362,1039.0405741723455
21,3,2,70,4,836,19.838633127669674,290,0.06858092074038918,1070.5266616162055
22,3,2,70,5,915,21.713336497389655,275,0.06549596582819174,1049.0086243695898
23,3,2,70,6,979,23.232083531086854,264,0.06312292358803986,1072.0755197947951
24,3,2,70,7,1029,24.41860465116279,258,0.06264831514000949,1127.2405799843864
25,3,3,30,3,395,9.373516848599905,332,0.07237778832463218,1158.0468221288854
26,3,3,30,4,436,10.346464167062173,325,0.07403891789273849,1148.0820991607059
27,3,3,30,5,461,10.939724727100142,323,0.07285239677266256,1220.8382030905923
28,3,3,30,6,479,11.36687233032748,322,0.07261509254864737,1227.8514731840955
29,3,3,30,7,488,11.580446131941148,320,0.07237778832463218,1245.5359619248854
30,3,3,40,3,498,11.817750355956337,321,0.07214048410061699,1107.7763111367408
31,3,3,40,4,563,13.360227812055054,310,0.07261509254864737,1116.3865967003728
32,3,3,40,5,607,14.40436639772188,304,0.06976744186046512,1156.211473646081
33,3,3,40,6,646,15.32985287138111,299,0.06953013763644993,1143.9884213999746
34,3,3,40,7,669,15.875652586616042,297,0.06976744186046512,1209.9498192589435
35,3,3,50,3,619,14.689131466540104,314,0.06953013763644993,1075.6555218577205
36,3,3,50,4,712,16.896060749881347,299,0.06976744186046512,1126.6570331792504
37,3,3,50,5,783,18.58092074038918,289,0.06739439962031324,1165.2503363089822
38,3,3,50,6,834,19.791172282866636,281,0.0664451827242525,1134.8233693717448
39,3,3,50,7,870,20.64546748932131,278,0.06668248694826769,1212.335534094199
40,3,3,60,3,739,17.536782154722353,309,0.06739439962031324,1048.410024022057
41,3,3,60,4,853,20.24205030849549,291,0.0664451827242525,1077.5321551549282
42,3,3,60,5,943,22.377788324632178,273,0.06502135738016136,1103.826797970445
43,3,3,60,6,1015,24.08637873754153,263,0.06264831514000949,1114.9929575943108
44,3,3,60,7,1079,25.60512577123873,257,0.061699098243948744,1197.978209047371
45,3,3,70,3,836,19.838633127669674,304,0.06359753203607024,1062.5074792744779
46,3,3,70,4,993,23.564309444708115,287,0.064546748932131,1154.6286075893802
47,3,3,70,5,1101,26.12719506407214,268,0.059800664451827246,1207.6841546964715
48,3,3,70,6,1184,28.096820123398196,254,0.05624110109159943,1209.3154048400106
49,3,3,70,7,1279,30.351210251542476,247,0.054579971523493115,1241.0526348831556
50,3,4,30,3,353,8.376839107736117,342,0.07617465590887518,1240.7694183500823
51,3,4,30,4,386,9.159943046986236,333,0.07641196013289037,1216.5937019665141
52,3,4,30,5,411,9.753203607024204,331,0.07593735168485999,1284.698520179188
53,3,4,30,6,429,10.180351210251542,331,0.07475083056478406,1296.306639915347
54,3,4,30,7,441,10.465116279069768,330,0.0757000474608448,1329.7892884570642
55,3,4,40,3,502,11.912672045562411,325,0.07308970099667775,1183.7602363906121
56,3,4,40,4,569,13.502610346464166,314,0.07237778832463218,1198.6407821224386
57,3,4,40,5,618,14.665401044138585,307,0.0700047460844803,1240.5112789706934
58,3,4,40,6,661,15.685809207403892,301,0.06905552918841955,1186.6775207577525
59,3,4,40,7,687,16.302800189843378,298,0.06929283341243474,1257.8998861891941
60,3,4,50,3,660,15.662078785002373,314,0.06881822496440437,1116.2261539670099
61,3,4,50,4,762,18.082581869957284,298,0.06976744186046512,1130.4741103541255
62,3,4,50,5,847,20.099667774086377,284,0.06668248694826769,1227.9923286487954
63,3,4,50,6,915,21.713336497389655,276,0.06502135738016136,1218.963187943213
64,3,4,50,7,970,23.018509729473184,271,0.06430944470811581,1347.0597799941768
65,3,4,60,3,785,18.628381585192216,308,0.0664451827242525,1040.488195901316
66,3,4,60,4,917,21.760797342192692,288,0.06525866160417655,1061.439627129812
67,3,4,60,5,1010,23.967726625533935,269,0.06336022781205505,1122.525633332923
68,3,4,60,6,1085,25.74750830564784,256,0.05956336022781206,1116.0049760521658
69,3,4,60,7,1165,27.64594209776934,250,0.05861414333175131,1150.1800396261654
70,3,4,70,3,863,20.47935453251068,304,0.06430944470811581,1097.6382081220806
71,3,4,70,4,1046,24.82202183198861,287,0.06430944470811581,1232.6434833760773
72,3,4,70,5,1174,27.85951589938301,265,0.06003796867584243,1254.0732278534351
73,3,4,70,6,1280,30.374940673943996,251,0.05695301376364499,1329.5789705677428
74,3,4,70,7,1393,33.056478405315616,242,0.05529188419553868,1301.8346146532333
75,3,5,30,3,297,7.047935453251068,352,0.07783578547698149,1223.376244476126
76,3,5,30,4,327,7.759848125296631,344,0.07736117702895111,1191.5058361956503
77,3,5,30,5,352,8.353108685334599,342,0.07712387280493593,1224.007318492152
78,3,5,30,6,369,8.756525866160418,341,0.0757000474608448,1240.069972769052
79,3,5,30,7,381,9.041290934978642,340,0.07736117702895111,1275.2043506064517
80,3,5,40,3,488,11.580446131941148,329,0.07308970099667775,1157.282755064559
81,3,5,40,4,556,13.194114855244424,317,0.07166587565258661,1146.0788176472897
82,3,5,40,5,608,14.428096820123399,310,0.0702420503084955,1194.801955187203
83,3,5,40,6,652,15.472235405790222,303,0.06953013763644993,1157.0795362958606
84,3,5,40,7,683,16.207878500237303,301,0.07071665875652587,1254.231734334676
85,3,5,50,3,677,16.06549596582819,313,0.06691979117228286,1103.787744675625
86,3,5,50,4,782,18.55719031798766,297,0.06858092074038918,1154.5197479523429
87,3,5,50,5,872,20.692928334124346,282,0.06525866160417655,1252.6827165614995
88,3,5,50,6,937,22.235405790223066,272,0.06407214048410062,1194.3919171934956
89,3,5,50,7,1002,23.777883246321785,267,0.062173706691979115,1302.1394385201227
90,3,5,60,3,812,19.269102990033222,307,0.064546748932131,1024.0673187396483
91,3,5,60,4,966,22.92358803986711,288,0.06336022781205505,1096.653151576262
92,3,5,60,5,1074,25.486473659231134,268,0.05956336022781206,1107.058839303001
93,3,5,60,6,1157,27.45609871855719,254,0.0567157095396298,1121.723953741714
94,3,5,60,7,1253,29.73421926910299,247,0.05624110109159943,1126.1390892295715
95,3,5,70,3,878,20.83531086853346,303,0.06407214048410062,1113.6227864608793
96,3,5,70,4,1078,25.58139534883721,286,0.064546748932131,1287.4276879434062
97,3,5,70,5,1217,28.879924062648314,264,0.05837683910773612,1264.980149994526
98,3,5,70,6,1348,31.98860939724727,250,0.05600379686758424,1348.933880548136
99,3,5,70,7,1478,35.073564309444706,240,0.05244423350735643,1255.2954308013736
100,3,6,30,3,247,5.861414333175131,360,0.07973421926910298,1182.2497320099972
101,3,6,30,4,271,6.43094447081158,354,0.07973421926910298,1186.6907219183106
102,3,6,30,5,292,6.929283341243474,353,0.07831039392501186,1198.7819290186578
103,3,6,30,6,306,7.261509254864737,352,0.07783578547698149,1208.2992376616912
104,3,6,30,7,314,7.451352634076887,351,0.07902230659705743,1229.1825022893909
105,3,6,40,3,462,10.96345514950166,336,0.07332700522069292,1166.2989732479477
106,3,6,40,4,522,12.387280493592787,324,0.07308970099667775,1159.3799722688436
107,3,6,40,5,578,13.716184148077836,318,0.07047935453251068,1246.0324243155494
108,3,6,40,6,623,14.784053156146179,312,0.0702420503084955,1232.3854671125287
109,3,6,40,7,652,15.472235405790222,310,0.07071665875652587,1323.5203878137847
110,3,6,50,3,682,16.184148077835786,314,0.06597057427622212,1092.5339256417474
111,3,6,50,4,796,18.889416231608923,298,0.06763170384432843,1140.3692169227106
112,3,6,50,5,892,21.167536782154723,283,0.06502135738016136,1281.828451238184
113,3,6,50,6,960,22.781205505457997,272,0.06359753203607024,1215.0561787928714
114,3,6,50,7,1029,24.41860465116279,267,0.06098718557190318,1297.0985499839685
115,3,6,60,3,822,19.50640721404841,306,0.06383483626008543,1011.5772878227748
116,3,6,60,4,990,23.49311817750356,288,0.06336022781205505,1151.691283269938
117,3,6,60,5,1113,26.411960132890364,269,0.05932605600379687,1239.804704298344
118,3,6,60,6,1206,28.61888941623161,255,0.05742762221167537,1235.852645160454
119,3,6,60,7,1307,31.015662078785002,246,0.05624110109159943,1149.044287635576
120,3,6,70,3,889,21.096345514950166,303,0.06336022781205505,1102.4902119541537
121,3,6,70,4,1099,26.079734219269103,286,0.06407214048410062,1274.8740406198442
122,3,6,70,5,1243,29.496915045087803,263,0.05813953488372093,1267.908322061399
123,3,6,70,6,1377,32.67679164689132,248,0.05529188419553868,1374.3794628864616
124,3,6,70,7,1520,36.070242050308494,239,0.052206929283341245,1295.89791420166
125,3,7,30,3,191,4.53251067869008,366,0.07925961082107262,1156.643616799493
126,3,7,30,4,212,5.0308495491219745,364,0.07854769814902705,1180.6731205938436
127,3,7,30,5,226,5.363075462743237,363,0.07854769814902705,1166.3035757381592
128,3,7,30,6,237,5.624110109159943,362,0.07854769814902705,1165.80746755401
129,3,7,30,7,247,5.861414333175131,361,0.07902230659705743,1182.357869817898
130,3,7,40,3,427,10.132890365448505,341,0.07427622211675368,1210.730675748092
131,3,7,40,4,480,11.390602752728999,328,0.07451352634076887,1164.739759426657
132,3,7,40,5,538,12.766967252017086,323,0.07308970099667775,1279.6614863309333
133,3,7,40,6,583,13.83483626008543,320,0.07261509254864737,1285.8871533725487
134,3,7,40,7,604,14.333175130517324,316,0.07237778832463218,1312.565972290099
135,3,7,50,3,690,16.373991457047936,315,0.06668248694826769,1119.9792938764235
136,3,7,50,4,804,19.079259610821072,297,0.06763170384432843,1114.0891099824385
137,3,7,50,5,901,21.38111058376839,282,0.06502135738016136,1256.6263456716292
138,3,7,50,6,969,22.994779307071667,271,0.06336022781205505,1236.391799980608
139,3,7,50,7,1045,24.79829140958709,266,0.061224489795918366,1309.746348413003
140,3,7,60,3,832,19.7437114380636,306,0.064546748932131,1032.3130182730029
141,3,7,60,4,1003,23.801613668723302,288,0.064546748932131,1178.774294599491
142,3,7,60,5,1126,26.72045562411011,269,0.059800664451827246,1266.8515101699356
143,3,7,60,6,1234,29.283341243474133,256,0.05790223065970574,1269.8134929541054
144,3,7,60,7,1347,31.964878974845753,247,0.05600379686758424,1203.0273714163468
145,3,7,70,3,894,21.21499762695776,303,0.06264831514000949,1106.1346525844726
146,3,7,70,4,1110,26.34076886568581,286,0.06430944470811581,1290.6197169174245
147,3,7,70,5,1260,29.900332225913623,263,0.05742762221167537,1267.9805387740926
148,3,7,70,6,1403,33.2937826293308,248,0.05529188419553868,1374.5072886046466
149,3,7,70,7,1556,36.92453725676317,239,0.05173232083531087,1258.5160609383674
150,4,2,30,3,343,8.13953488372093,279,0.061699098243948744,1096.6741149705051
151,4,2,30,4,372,8.827717133364974,274,0.06193640246796393,1093.4421641177237
152,4,2,30,5,392,9.30232558139535,273,0.061699098243948744,1134.8725978076964
153,4,2,30,6,405,9.610821072615092,271,0.06098718557190318,1146.3240590783591
154,4,2,30,7,411,9.753203607024204,270,0.060512577123872806,1161.0856243626627
155,4,2,40,3,389,9.231134314190793,272,0.062411010915994304,1063.573929080922
156,4,2,40,4,430,10.204081632653061,266,0.06098718557190318,1080.7173007295867
157,4,2,40,5,456,10.821072615092548,265,0.06027527289985762,1126.0160987612708
158,4,2,40,6,475,11.271950640721405,261,0.05956336022781206,1123.9538903638654
159,4,2,40,7,487,11.55671570953963,260,0.06003796867584243,1165.298882103214
160,4,2,50,3,466,11.058376839107735,267,0.061224489795918366,1053.8020435938856
161,4,2,50,4,524,12.434741338395824,257,0.06027527289985762,1056.8588851363747
162,4,2,50,5,566,13.43141907925961,251,0.05837683910773612,1081.335172075218
163,4,2,50,6,598,14.19079259610821,246,0.05719031798766018,1062.1403224046974
164,4,2,50,7,619,14.689131466540104,244,0.05742762221167537,1122.3532097571108
165,4,2,60,3,543,12.885619364024679,263,0.061461794019933555,1093.553935669547
166,4,2,60,4,621,14.736592311343141,251,0.05932605600379687,1076.3320797436597
167,4,2,60,5,684,16.231608922638824,244,0.05742762221167537,1109.9197388677417
168,4,2,60,6,721,17.109634551495017,237,0.05552918841955387,1069.878202690756
169,4,2,60,7,755,17.916468913146655,234,0.05624110109159943,1139.773663684941
170,4,2,70,3,623,14.784053156146179,258,0.05766492643569056,1057.9074762924222
171,4,2,70,4,719,17.06217370669198,244,0.05837683910773612,1082.4583631181247
172,4,2,70,5,804,19.079259610821072,236,0.05624110109159943,1103.488431984907
173,4,2,70,6,860,20.408163265306122,227,0.053630754627432366,1104.827000654072
174,4,2,70,7,903,21.428571428571427,222,0.054817275747508304,1161.0942984979802
175,4,3,30,3,357,8.471760797342192,276,0.06193640246796393,1071.1041082961383
176,4,3,30,4,394,9.349786426198387,270,0.061461794019933555,1093.5389427696466
177,4,3,30,5,420,9.966777408637874,269,0.061224489795918366,1142.595190352512
178,4,3,30,6,437,10.370194589463692,267,0.06098718557190318,1163.27023055258
179,4,3,30,7,445,10.560037968675843,265,0.06098718557190318,1168.6609644245293
180,4,3,40,3,445,10.560037968675843,269,0.06193640246796393,1089.339610637394
181,4,3,40,4,500,11.865211200759374,259,0.060512577123872806,1097.8080586805727
182,4,3,40,5,542,12.86188894162316,253,0.05956336022781206,1108.336272353031
183,4,3,40,6,575,13.64499288087328,248,0.05813953488372093,1103.5084290830484
184,4,3,40,7,598,14.19079259610821,246,0.05885144755576649,1156.8470811288312
185,4,3,50,3,550,13.051732320835312,263,0.060512577123872806,1079.1772030672332
186,4,3,50,4,638,15.14000949216896,251,0.05885144755576649,1090.802908948239
187,4,3,50,5,709,16.824869482676792,244,0.05790223065970574,1155.4283750397103
188,4,3,50,6,751,17.82154722354058,237,0.05576649264356905,1130.4799926647008
189,4,3,50,7,783,18.58092074038918,234,0.05742762221167537,1205.824502596056
190,4,3,60,3,642,15.234931181775035,258,0.0567157095396298,1027.473446192761
191,4,3,60,4,750,17.79781680113906,243,0.05624110109159943,1057.8137826629268
192,4,3,60,5,851,20.194589463692452,231,0.054817275747508304,1140.0484095320444
193,4,3,60,6,914,21.689606074988134,222,0.05173232083531087,1107.61195974374
194,4,3,60,7,972,23.06597057427622,217,0.052918841955386806,1178.5463666644546
195,4,3,70,3,716,16.99098243948742,256,0.054105363075462744,1031.6159410350392
196,4,3,70,4,847,20.099667774086377,240,0.054105363075462744,1109.2479458970079
197,4,3,70,5,970,23.018509729473184,228,0.05078310393925012,1218.2611569900143
198,4,3,70,6,1047,24.845752254390128,216,0.047223540579022304,1142.5434649895408
199,4,3,70,7,1133,26.88656858092074,211,0.04746084480303749,1185.9966159354071
200,4,4,30,3,335,7.94969150450878,283,0.06407214048410062,1145.277160514423
201,4,4,30,4,365,8.661604176554343,275,0.06336022781205505,1142.943317000245
202,4,4,30,5,393,9.326056003796868,274,0.06312292358803986,1194.3893542482065
203,4,4,30,6,411,9.753203607024204,274,0.06193640246796393,1221.5353296132307
204,4,4,30,7,421,9.990507831039393,272,0.06288561936402468,1238.3599377710316
205,4,4,40,3,453,10.749881347887992,273,0.06288561936402468,1158.2830502264471
206,4,4,40,4,512,12.149976269577598,263,0.06027527289985762,1178.198003751023
207,4,4,40,5,560,13.289036544850498,257,0.059800664451827246,1193.372148542587
208,4,4,40,6,598,14.19079259610821,251,0.05790223065970574,1150.899737763513
209,4,4,40,7,623,14.784053156146179,248,0.05885144755576649,1206.0990335605227
210,4,4,50,3,588,13.953488372093023,262,0.05956336022781206,1128.057042435434
211,4,4,50,4,688,16.3265306122449,250,0.05861414333175131,1112.8438777804386
212,4,4,50,5,778,18.462268628381587,240,0.05719031798766018,1204.885279291332
213,4,4,50,6,841,19.957285239677265,233,0.05434266729947793,1192.8655668500444
214,4,4,50,7,891,21.143806359753203,228,0.05576649264356905,1311.6274512061032
215,4,4,60,3,684,16.231608922638824,257,0.05600379686758424,1046.1463053249645
216,4,4,60,4,802,19.031798766018035,240,0.05529188419553868,1069.3595638105603
217,4,4,60,5,914,21.689606074988134,228,0.052918841955386806,1171.9314259870969
218,4,4,60,6,986,23.398196487897483,217,0.05007119126720456,1133.5079455081197
219,4,4,60,7,1058,25.106786900806835,212,0.05078310393925012,1171.9360758778669
220,4,4,70,3,740,17.560512577123873,256,0.05600379686758424,1055.8910382562897
221,4,4,70,4,896,21.262458471760798,240,0.053868058851447555,1167.0848651602453
222,4,4,70,5,1042,24.727100142382536,227,0.051257712387280496,1259.3865885874989
223,4,4,70,6,1138,27.005220692928333,215,0.04912197437114381,1219.3997989187383
224,4,4,70,7,1251,29.686758424299953,209,0.04698623635500712,1218.0060499727672
225,4,5,30,3,297,7.047935453251068,292,0.06359753203607024,1179.3474248012087
226,4,5,30,4,323,7.664926435690555,284,0.06288561936402468,1175.7538126989218
227,4,5,30,5,348,8.258186995728524,283,0.06288561936402468,1191.4676138054538
228,4,5,30,6,366,8.685334598955862,283,0.061699098243948744,1221.5476673114692
229,4,5,30,7,377,8.946369245372567,281,0.06288561936402468,1242.1553072535698
230,4,5,40,3,452,10.726150925486474,275,0.062411010915994304,1125.1135557086411
231,4,5,40,4,512,12.149976269577598,264,0.05956336022781206,1135.5814182696297
232,4,5,40,5,563,13.360227812055054,258,0.05932605600379687,1148.5833981988271
233,4,5,40,6,605,14.356905552918843,252,0.05790223065970574,1131.502892943315
234,4,5,40,7,632,14.997626957759849,249,0.05932605600379687,1199.3333300500485
235,4,5,50,3,606,14.380635975320361,261,0.05790223065970574,1094.2495848662281
236,4,5,50,4,713,16.919791172282867,249,0.05790223065970574,1127.795368712482
237,4,5,50,5,807,19.15045087802563,238,0.05529188419553868,1223.6395727356767
238,4,5,50,6,867,20.574276222116755,229,0.053393450403417184,1172.3784740976891
239,4,5,50,7,921,21.855719031798767,224,0.053393450403417184,1269.622850082759
240,4,5,60,3,713,16.919791172282867,257,0.05600379686758424,1024.6348064480164
241,4,5,60,4,848,20.123398196487898,240,0.053868058851447555,1095.3859210835706
242,4,5,60,5,976,23.160892263882296,227,0.05102040816326531,1156.4337930125891
243,4,5,60,6,1054,25.01186521120076,215,0.04912197437114381,1127.1910861092808
244,4,5,60,7,1150,27.28998576174656,210,0.04888467014712862,1131.7875019680903
245,4,5,70,3,752,17.845277645942097,256,0.05600379686758424,1079.0612340710516
246,4,5,70,4,923,21.903179876601804,240,0.05505457997152349,1214.153903913185
247,4,5,70,5,1071,25.41528239202658,227,0.05149501661129568,1255.6792937660289
248,4,5,70,6,1191,28.26293308020883,215,0.04959658281917418,1228.2147122697334
249,4,5,70,7,1323,31.3953488372093,209,0.046511627906976744,1151.5875152704612
250,4,6,30,3,244,5.790223065970574,302,0.06620787850023731,1221.0496101876654
251,4,6,30,4,267,6.336022781205505,296,0.06597057427622212,1235.6593941709798
252,4,6,30,5,285,6.763170384432843,294,0.06525866160417655,1234.8939209876505
253,4,6,30,6,300,7.119126720455624,294,0.06502135738016136,1263.2561376590986
254,4,6,30,7,309,7.332700522069293,293,0.06573327005220693,1284.642193404728
255,4,6,40,3,432,10.251542477456098,280,0.061461794019933555,1148.677564456153
256,4,6,40,4,490,11.627906976744185,269,0.059800664451827246,1142.0276892661627
257,4,6,40,5,546,12.956810631229235,264,0.05908875177978168,1204.6060301906557
258,4,6,40,6,588,13.953488372093023,259,0.05766492643569056,1204.7540410039935
259,4,6,40,7,614,14.57047935453251,256,0.05885144755576649,1281.1214091351194
260,4,6,50,3,612,14.523018509729473,262,0.05624110109159943,1072.2192188912716
261,4,6,50,4,728,17.27574750830565,250,0.05766492643569056,1128.126929481396
262,4,6,50,5,832,19.7437114380636,239,0.05434266729947793,1240.6375001945887
263,4,6,50,6,895,21.238728049359278,229,0.053156146179401995,1192.6626490203448
264,4,6,50,7,956,22.686283815851922,224,0.05173232083531087,1260.0205754159815
265,4,6,60,3,723,17.157095396298054,256,0.05576649264356905,1005.7975821562667
266,4,6,60,4,874,20.740389178927384,240,0.053868058851447555,1111.3485127316997
267,4,6,60,5,1011,23.99145704793545,227,0.05007119126720456,1172.2821563946763
268,4,6,60,6,1103,26.174655908875177,215,0.04935927859515899,1128.4101342236056
269,4,6,60,7,1207,28.642619838633127,209,0.047223540579022304,1084.734397927814
270,4,6,70,3,758,17.98766018035121,256,0.05552918841955387,1081.8507923743011
271,4,6,70,4,934,22.16421452301851,240,0.05529188419553868,1209.5977254450752
272,4,6,70,5,1089,25.842429995253916,227,0.05149501661129568,1256.4710070635738
273,4,6,70,6,1211,28.737541528239202,214,0.04888467014712862,1239.1939124546457
274,4,6,70,7,1356,32.17845277645942,208,0.046511627906976744,1152.5963973726248
275,4,7,30,3,193,4.579971523493118,307,0.06502135738016136,1184.4972798603796
276,4,7,30,4,213,5.054579971523493,304,0.06478405315614617,1203.3701289151343
277,4,7,30,5,226,5.363075462743237,302,0.064546748932131,1176.4720845395689
278,4,7,30,6,239,5.671570953962981,302,0.06478405315614617,1192.305150500396
279,4,7,30,7,249,5.908875177978168,301,0.06478405315614617,1208.6699733782018
280,4,7,40,3,407,9.65828191741813,284,0.06098718557190318,1194.5002971159724
281,4,7,40,4,461,10.939724727100142,272,0.061224489795918366,1145.418102101384
282,4,7,40,5,519,12.316089226388229,269,0.06027527289985762,1249.3960898214868
283,4,7,40,6,563,13.360227812055054,266,0.05908875177978168,1257.3582766251536
284,4,7,40,7,575,13.64499288087328,261,0.05908875177978168,1276.292075287111
285,4,7,50,3,624,14.807783578547697,263,0.05647840531561462,1097.563879699393
286,4,7,50,4,738,17.513051732320836,250,0.05766492643569056,1128.2684086801894
287,4,7,50,5,843,20.004746084480303,238,0.054105363075462744,1204.3656302520467
288,4,7,50,6,909,21.570953962980543,228,0.05268153773137162,1207.9554823736032
289,4,7,50,7,975,23.13716184148078,223,0.05149501661129568,1261.4341588916352
290,4,7,60,3,727,17.25201708590413,256,0.05624110109159943,1033.3489461947154
291,4,7,60,4,877,20.81158044613194,240,0.05505457997152349,1149.8985157477205
292,4,7,60,5,1013,24.03891789273849,227,0.051257712387280496,1202.7672386471138
293,4,7,60,6,1119,26.554342667299476,216,0.04983388704318937,1166.1386132364319
294,4,7,60,7,1232,29.235880398671096,210,0.04698623635500712,1101.9839178259583
295,4,7,70,3,761,18.058851447555767,256,0.054817275747508304,1076.014659147826
296,4,7,70,4,942,22.35405790223066,240,0.05529188419553868,1213.554211326323
297,4,7,70,5,1103,26.174655908875177,227,0.05054579971523493,1251.623038744487
298,4,7,70,6,1233,29.259610821072616,214,0.04888467014712862,1239.7779867616869
299,4,7,70,7,1385,32.86663502610347,208,0.04579971523493118,1130.6150082909455
300,5,2,30,3,313,7.427622211675367,264,0.05813953488372093,1131.5720984588593
301,5,2,30,4,343,8.13953488372093,259,0.05813953488372093,1128.1549601943725
302,5,2,30,5,363,8.614143331751306,257,0.05813953488372093,1158.9669490310998
303,5,2,30,6,376,8.922638822971049,255,0.05695301376364499,1177.2538625734137
304,5,2,30,7,381,9.041290934978642,255,0.05719031798766018,1197.2989156611745
305,5,2,40,3,358,8.49549121974371,257,0.05908875177978168,1093.4891571107214
306,5,2,40,4,400,9.492168960607499,251,0.05742762221167537,1111.033629983476
307,5,2,40,5,426,10.109159943046986,249,0.05695301376364499,1145.8049689932805
308,5,2,40,6,445,10.560037968675843,245,0.05576649264356905,1150.1470551097889
309,5,2,40,7,456,10.821072615092548,245,0.05695301376364499,1197.3409372472852
310,5,2,50,3,427,10.132890365448505,251,0.05813953488372093,1101.2985193678658
311,5,2,50,4,482,11.438063597532036,242,0.05647840531561462,1134.0379174469745
312,5,2,50,5,520,12.339819648789748,237,0.05552918841955387,1140.3954355172418
313,5,2,50,6,550,13.051732320835312,232,0.053868058851447555,1138.2047970129054
314,5,2,50,7,568,13.478879924062648,231,0.054817275747508304,1189.7019566028437
315,5,2,60,3,501,11.888941623160893,247,0.05813953488372093,1143.3402091141243
316,5,2,60,4,573,13.597532036070241,236,0.05505457997152349,1144.6314606279038
317,5,2,60,5,630,14.950166112956811,230,0.054105363075462744,1158.7408828711432
318,5,2,60,6,667,15.828191741813004,223,0.05173232083531087,1138.9499093103555
319,5,2,60,7,698,16.563834836260085,221,0.053630754627432366,1194.2771734811258
320,5,2,70,3,576,13.668723303274799,242,0.05529188419553868,1113.4773375267857
321,5,2,70,4,670,15.89938300901756,229,0.05434266729947793,1111.8441862131126
322,5,2,70,5,755,17.916468913146655,223,0.052918841955386806,1160.0996955585304
323,5,2,70,6,809,19.197911722828668,214,0.05030849549121975,1150.928867721113
324,5,2,70,7,850,20.170859041290935,209,0.052206929283341245,1189.577676330821
325,5,3,30,3,332,7.878500237304224,260,0.05813953488372093,1099.8917965421786
326,5,3,30,4,370,8.780256288561937,254,0.05742762221167537,1122.847650144059
327,5,3,30,5,396,9.397247271001424,252,0.05742762221167537,1161.261353782352
328,5,3,30,6,413,9.800664451827242,250,0.0567157095396298,1188.9318761769482
329,5,3,30,7,420,9.966777408637874,249,0.05742762221167537,1199.3350321871467
330,5,3,40,3,415,9.84812529663028,253,0.05813953488372093,1102.6815598480161
331,5,3,40,4,470,11.153298528713812,243,0.05647840531561462,1127.4509997131788
332,5,3,40,5,511,12.12624584717608,238,0.05576649264356905,1134.9715911799294
333,5,3,40,6,543,12.885619364024679,233,0.054105363075462744,1143.7913619762737
334,5,3,40,7,564,13.383958234456573,232,0.05529188419553868,1193.4818853136715
335,5,3,50,3,510,12.10251542477456,247,0.0567157095396298,1142.4616302355264
336,5,3,50,4,592,14.048410061699098,236,0.054579971523493115,1175.3578518652246
337,5,3,50,5,657,15.590887517797817,230,0.054579971523493115,1222.1998197472064
338,5,3,50,6,697,16.540104413858568,223,0.051969625059326056,1212.2769533417954
339,5,3,50,7,727,17.25201708590413,221,0.054579971523493115,1276.0325590003247
340,5,3,60,3,597,14.167062173706691,242,0.054105363075462744,1094.139876072196
341,5,3,60,4,696,16.516373991457048,227,0.05268153773137162,1087.1780141225295
342,5,3,60,5,800,18.984337921214998,219,0.051969625059326056,1209.165505987315
343,5,3,60,6,861,20.431893687707642,210,0.04888467014712862,1161.3015040115838
344,5,3,60,7,914,21.689606074988134,205,0.05054579971523493,1207.852880370948
345,5,3,70,3,668,15.851922164214523,240,0.05149501661129568,1091.082234196998
346,5,3,70,4,794,18.841955386805886,225,0.05173232083531087,1115.4109554150834
347,5,3,70,5,925,21.95064072140484,217,0.04769814902705268,1262.2459259151983
348,5,3,70,6,999,23.706691979117227,205,0.044613194114855245,1183.1387929359244
349,5,3,70,7,1077,25.55766492643569,199,0.045325106786900805,1202.9692122590213
350,5,4,30,3,319,7.57000474608448,265,0.06003796867584243,1159.2280841419638
351,5,4,30,4,350,8.305647840531561,258,0.05908875177978168,1166.2333771110755
352,5,4,30,5,377,8.946369245372567,256,0.05956336022781206,1202.7578379998124
353,5,4,30,6,396,9.397247271001424,255,0.05790223065970574,1229.3781565495908
354,5,4,30,7,406,9.634551495016611,254,0.05932605600379687,1256.0407048466009
355,5,4,40,3,427,10.132890365448505,256,0.05861414333175131,1175.3930285989136
356,5,4,40,4,485,11.509254864736592,246,0.05647840531561462,1209.032377331189
357,5,4,40,5,531,12.600854295206455,241,0.05600379686758424,1222.2711529173014
358,5,4,40,6,568,13.478879924062648,235,0.053868058851447555,1190.3735705032698
359,5,4,40,7,592,14.048410061699098,233,0.05552918841955387,1238.699745816959
360,5,4,50,3,546,12.956810631229235,246,0.05576649264356905,1170.6668929965442
361,5,4,50,4,645,15.306122448979592,235,0.05434266729947793,1174.968026280309
362,5,4,50,5,730,17.323208353108686,227,0.054105363075462744,1266.5533125035734
363,5,4,50,6,789,18.72330327479829,219,0.05007119126720456,1250.4550759408555
364,5,4,50,7,836,19.838633127669674,214,0.052918841955386806,1352.7943715267645
365,5,4,60,3,638,15.14000949216896,241,0.053868058851447555,1111.6240292909122
366,5,4,60,4,749,17.774086378737543,225,0.052918841955386806,1083.6271016165479
367,5,4,60,5,868,20.59800664451827,217,0.05007119126720456,1224.871742061592
368,5,4,60,6,937,22.235405790223066,206,0.04793545325106787,1170.8712141072117
369,5,4,60,7,1010,23.967726625533935,201,0.04888467014712862,1182.406777338802
370,5,4,70,3,692,16.421452301850973,240,0.053393450403417184,1094.701242800506
371,5,4,70,4,844,20.028476506881823,225,0.05173232083531087,1181.6859525122684
372,5,4,70,5,993,23.564309444708115,216,0.04841006169909824,1313.1690347681933
373,5,4,70,6,1091,25.889890840056953,205,0.046511627906976744,1287.4349705760153
374,5,4,70,7,1195,28.357854769814903,198,0.044375889890840056,1291.2852747026673
375,5,5,30,3,287,6.810631229235881,273,0.06003796867584243,1204.1897699163562
376,5,5,30,4,315,7.475083056478406,266,0.05932605600379687,1209.4233488693126
377,5,5,30,5,340,8.068343616516374,264,0.059800664451827246,1213.345887796255
378,5,5,30,6,359,8.51922164214523,263,0.05813953488372093,1243.2543500757865
379,5,5,30,7,370,8.780256288561937,262,0.059800664451827246,1274.0979830738536
380,5,5,40,3,428,10.156620787850024,257,0.05813953488372093,1135.4242160413594
381,5,5,40,4,488,11.580446131941148,246,0.05600379686758424,1164.0076721162495
382,5,5,40,5,537,12.743236829615567,241,0.05576649264356905,1175.0926651892646
383,5,5,40,6,578,13.716184148077836,235,0.054105363075462744,1169.01307882692
384,5,5,40,7,604,14.333175130517324,233,0.05624110109159943,1230.3846343147575
385,5,5,50,3,567,13.455149501661129,245,0.05434266729947793,1132.3304830010077
386,5,5,50,4,667,15.828191741813004,234,0.05434266729947793,1184.6177469886516
387,5,5,50,5,760,18.035121025154247,225,0.05244423350735643,1281.6406844722399
388,5,5,50,6,816,19.364024679639297,216,0.04959658281917418,1229.0377308267434
389,5,5,50,7,870,20.64546748932131,211,0.051257712387280496,1301.4789302670629
390,5,5,60,3,664,15.757000474608448,241,0.053630754627432366,1083.3127591667878
391,5,5,60,4,794,18.841955386805886,225,0.05173232083531087,1116.563812652594
392,5,5,60,5,926,21.97437114380636,216,0.04841006169909824,1215.0643560075446
393,5,5,60,6,1006,23.87280493592786,205,0.04674893213099193,1192.8905152648344
394,5,5,60,7,1093,25.93735168485999,199,0.04674893213099193,1205.2209839893292
395,5,5,70,3,706,16.753678215472235,240,0.053393450403417184,1121.064334078294
396,5,5,70,4,866,20.550545799715234,225,0.05268153773137162,1229.8124111636155
397,5,5,70,5,1019,24.181300427147605,216,0.04888467014712862,1312.4872495278123
398,5,5,70,6,1138,27.005220692928333,205,0.04698623635500712,1285.3912550358145
399,5,5,70,7,1257,29.829140958709065,198,0.043901281442809685,1221.078258833362
400,5,6,30,3,239,5.671570953962981,281,0.06288561936402468,1230.5868344789828
401,5,6,30,4,262,6.217370669197912,276,0.062173706691979115,1257.8744701967612
402,5,6,30,5,280,6.644518272425249,275,0.061699098243948744,1261.082346356316
403,5,6,30,6,294,6.976744186046512,274,0.061224489795918366,1276.7486172817194
404,5,6,30,7,303,7.190317987660181,273,0.062411010915994304,1298.9665322393655
405,5,6,40,3,415,9.84812529663028,262,0.05695301376364499,1156.056564918014
406,5,6,40,4,474,11.248220218319886,251,0.05600379686758424,1164.9300038252948
407,5,6,40,5,528,12.529663028001899,246,0.05529188419553868,1216.4591530975567
408,5,6,40,6,570,13.526340768865685,241,0.053868058851447555,1230.5940250149858
409,5,6,40,7,596,14.143331751305173,239,0.05552918841955387,1305.2869069516507
410,5,6,50,3,576,13.668723303274799,245,0.052918841955386806,1112.1819569115626
411,5,6,50,4,684,16.231608922638824,234,0.054105363075462744,1180.1602621819275
412,5,6,50,5,786,18.652112007593736,225,0.051257712387280496,1292.467494996426
413,5,6,50,6,846,20.07593735168486,215,0.04935927859515899,1245.231480449656
414,5,6,50,7,906,21.499762695775985,210,0.04959658281917418,1278.1292838898132
415,5,6,60,3,676,16.041765543426674,240,0.053393450403417184,1046.5003215273907
416,5,6,60,4,823,19.53013763644993,225,0.051969625059326056,1129.2814124763468
417,5,6,60,5,964,22.876127195064072,216,0.04769814902705268,1231.4666989653033
418,5,6,60,6,1056,25.059326056003798,205,0.047223540579022304,1195.734885489028
419,5,6,60,7,1153,27.361177028951115,198,0.045087802562885616,1158.5775633908765
420,5,6,70,3,710,16.84859990507831,240,0.052918841955386806,1122.9684067655191
421,5,6,70,4,874,20.740389178927384,225,0.05268153773137162,1226.0427163131908
422,5,6,70,5,1036,24.58471760797342,216,0.04864736592311343,1321.7542780315491
423,5,6,70,6,1159,27.503559563360227,205,0.04674893213099193,1318.6922677679117
424,5,6,70,7,1289,30.588514475557666,198,0.044375889890840056,1239.505957871301
425,5,7,30,3,188,4.461319411485524,287,0.061461794019933555,1199.5882088448127
426,5,7,30,4,208,4.9359278595159,284,0.06098718557190318,1218.887426559797
427,5,7,30,5,222,5.268153773137162,283,0.060749881347887995,1199.8390663682294
428,5,7,30,6,234,5.552918841955387,282,0.060749881347887995,1203.4525666537015
429,5,7,30,7,244,5.790223065970574,281,0.061224489795918366,1220.5373981013972
430,5,7,40,3,395,9.373516848599905,265,0.0567157095396298,1193.2191642259127
431,5,7,40,4,450,10.678690080683436,254,0.05719031798766018,1173.1079730995982
432,5,7,40,5,505,11.983863312766967,251,0.0567157095396298,1263.0597165085546
433,5,7,40,6,544,12.909349786426198,247,0.05505457997152349,1269.790967613339
434,5,7,40,7,559,13.26530612244898,243,0.05576649264356905,1289.3856921346278
435,5,7,50,3,591,14.02467963929758,245,0.053393450403417184,1117.3194654166873
436,5,7,50,4,700,16.611295681063122,232,0.054579971523493115,1149.3282302835999
437,5,7,50,5,803,19.055529188419555,222,0.051257712387280496,1236.8254952892548
438,5,7,50,6,866,20.550545799715234,212,0.04912197437114381,1240.2785665353483
439,5,7,50,7,931,22.093023255813954,207,0.04959658281917418,1258.3387540105502
440,5,7,60,3,677,16.06549596582819,240,0.053630754627432366,1070.8549341253665
441,5,7,60,4,822,19.50640721404841,225,0.05268153773137162,1161.5333163847845
442,5,7,60,5,965,22.899857617465592,216,0.04864736592311343,1258.9829142014037
443,5,7,60,6,1068,25.34409112482202,206,0.047223540579022304,1228.3958727724896
444,5,7,60,7,1174,27.85951589938301,199,0.044375889890840056,1170.0305694266674
445,5,7,70,3,712,16.896060749881347,240,0.05244423350735643,1114.3061103845628
446,5,7,70,4,881,20.906502135738016,225,0.052918841955386806,1227.1848219182189
447,5,7,70,5,1048,24.869482676791648,216,0.04769814902705268,1304.3823985840022
448,5,7,70,6,1181,28.02562885619364,205,0.04674893213099193,1309.514045000006
449,5,7,70,7,1319,31.300427147603227,198,0.04342667299477931,1210.962874355098
450,6,2,30,3,305,7.237778832463218,252,0.053868058851447555,1146.0863974672686
451,6,2,30,4,335,7.94969150450878,245,0.05434266729947793,1126.9258099237804
452,6,2,30,5,355,8.424299952539155,244,0.053868058851447555,1175.0376748488727
453,6,2,30,6,367,8.70906502135738,243,0.052918841955386806,1194.5516433019486
454,6,2,30,7,371,8.803986710963455,243,0.052918841955386806,1217.050199691783
455,6,2,40,3,348,8.258186995728524,246,0.054579971523493115,1115.4470594037475
456,6,2,40,4,388,9.207403891789275,238,0.053393450403417184,1113.8366134693179
457,6,2,40,5,414,9.824394874228762,237,0.05244423350735643,1165.8942438063793
458,6,2,40,6,433,10.275272899857617,234,0.05173232083531087,1174.528142052385
459,6,2,40,7,442,10.488846701471287,234,0.05244423350735643,1221.4943164177992
460,6,2,50,3,413,9.800664451827242,241,0.052918841955386806,1128.0040269061258
461,6,2,50,4,464,11.010915994304698,230,0.05173232083531087,1125.0633321967655
462,6,2,50,5,502,11.912672045562411,226,0.05030849549121975,1148.3097095750115
463,6,2,50,6,533,12.648315140009492,222,0.04935927859515899,1160.287521036751
464,6,2,50,7,550,13.051732320835312,221,0.05007119126720456,1222.1569847836856
465,6,2,60,3,486,11.53298528713811,237,0.053156146179401995,1136.414214515177
466,6,2,60,4,551,13.07546274323683,223,0.05054579971523493,1077.7158834051336
467,6,2,60,5,608,14.428096820123399,219,0.04888467014712862,1138.9001447752946
468,6,2,60,6,650,15.424774560987185,213,0.04769814902705268,1148.9762025352002
469,6,2,60,7,680,16.13668723303275,211,0.04864736592311343,1224.0419299130215
470,6,2,70,3,553,13.122923588039868,233,0.05054579971523493,1127.3459732997908
471,6,2,70,4,639,15.16373991457048,216,0.05054579971523493,1056.757148929276
472,6,2,70,5,722,17.133364973896537,212,0.04864736592311343,1168.3637465569532
473,6,2,70,6,783,18.58092074038918,205,0.047223540579022304,1209.5036503689632
474,6,2,70,7,820,19.45894636924537,200,0.04769814902705268,1258.8407330127302
475,6,3,30,3,326,7.736117702895111,248,0.05434266729947793,1119.8742375290985
476,6,3,30,4,363,8.614143331751306,240,0.053868058851447555,1125.3580776833012
477,6,3,30,5,389,9.231134314190793,239,0.053393450403417184,1181.283242767429
478,6,3,30,6,406,9.634551495016611,238,0.053156146179401995,1213.787441003657
479,6,3,30,7,411,9.753203607024204,237,0.053393450403417184,1223.1782554055233
480,6,3,40,3,406,9.634551495016611,242,0.053393450403417184,1125.2254535810573
481,6,3,40,4,457,10.844803037494067,230,0.052206929283341245,1114.3738486977804
482,6,3,40,5,497,11.794019933554818,226,0.05078310393925012,1137.12444194118
483,6,3,40,6,530,12.577123872804936,222,0.04983388704318937,1160.1428264419585
484,6,3,40,7,550,13.051732320835312,221,0.05078310393925012,1219.8995941151832
485,6,3,50,3,496,11.7702895111533,237,0.05149501661129568,1142.5797700433352
486,6,3,50,4,571,13.550071191267204,223,0.04983388704318937,1113.5057012165
487,6,3,50,5,636,15.092548647365923,219,0.04912197437114381,1208.718753741184
488,6,3,50,6,681,16.160417655434266,213,0.04769814902705268,1230.5293739858332
489,6,3,50,7,710,16.84859990507831,211,0.04935927859515899,1315.941691002557
490,6,3,60,3,578,13.716184148077836,232,0.04864736592311343,1079.2153247249216
491,6,3,60,4,669,15.875652586616042,214,0.04864736592311343,1028.5606613140205
492,6,3,60,5,773,18.34361651637399,209,0.046511627906976744,1211.8898531298885
493,6,3,60,6,838,19.88609397247271,201,0.045087802562885616,1201.3619731944063
494,6,3,60,7,888,21.07261509254865,196,0.04603701945894637,1246.272210355342
495,6,3,70,3,646,15.32985287138111,231,0.04698623635500712,1110.324370742729
496,6,3,70,4,756,17.940199335548172,212,0.04841006169909824,1048.7720917060426
497,6,3,70,5,887,21.048884670147128,207,0.043901281442809685,1280.3227934492886
498,6,3,70,6,970,23.018509729473184,197,0.04247745609871856,1260.4726087686256
499,6,3,70,7,1046,24.82202183198861,191,0.04129093497864262,1287.7298498701107
500,6,4,30,3,316,7.498813478879924,250,0.05576649264356905,1162.8010458053966
501,6,4,30,4,347,8.234456573327005,242,0.054817275747508304,1156.7749687954629
502,6,4,30,5,374,8.875177978168011,241,0.054579971523493115,1209.8099746645248
503,6,4,30,6,392,9.30232558139535,240,0.053630754627432366,1233.8350849117287
504,6,4,30,7,401,9.515899383009017,239,0.054817275747508304,1257.0941468773963
505,6,4,40,3,419,9.943046986236356,244,0.053868058851447555,1190.6243413797947
506,6,4,40,4,473,11.224489795918368,232,0.05173232083531087,1182.060459075907
507,6,4,40,5,521,12.363550071191268,227,0.05102040816326531,1193.374847583938
508,6,4,40,6,560,13.289036544850498,223,0.04959658281917418,1212.0094580570812
509,6,4,40,7,582,13.811105837683911,221,0.05078310393925012,1265.481408101355
510,6,4,50,3,534,12.67204556241101,236,0.05054579971523493,1168.3978628762115
511,6,4,50,4,627,14.878974845752255,222,0.04983388704318937,1113.2770891028433
512,6,4,50,5,713,16.919791172282867,216,0.04864736592311343,1253.2845313993585
513,6,4,50,6,777,18.438538205980066,209,0.046274323682961555,1276.0640626908178
514,6,4,50,7,823,19.53013763644993,204,0.04817275747508306,1388.4060475327249
515,6,4,60,3,617,14.641670621737067,231,0.04888467014712862,1108.6467173392145
516,6,4,60,4,717,17.014712861888942,212,0.04912197437114381,1027.0066476925751
517,6,4,60,5,836,19.838633127669674,207,0.045562411010915994,1245.9835027715562
518,6,4,60,6,913,21.665875652586617,198,0.045087802562885616,1254.9545524063099
519,6,4,60,7,983,23.32700522069293,193,0.04413858566682487,1261.0659766234228
520,6,4,70,3,669,15.875652586616042,231,0.04864736592311343,1108.4808135793162
521,6,4,70,4,799,18.960607498813477,212,0.04864736592311343,1113.374696088198
522,6,4,70,5,946,22.448979591836736,206,0.044375889890840056,1329.536023930705
523,6,4,70,6,1055,25.035595633602277,197,0.04342667299477931,1352.893814486228
524,6,4,70,7,1158,27.47982914095871,190,0.03915519696250593,1343.544953300799
525,6,5,30,3,285,6.763170384432843,257,0.05529188419553868,1203.5153838565013
526,6,5,30,4,314,7.451352634076887,249,0.054817275747508304,1197.5751926570902
527,6,5,30,5,339,8.044613194114856,248,0.054579971523493115,1218.3851982818846
528,6,5,30,6,357,8.471760797342192,247,0.053630754627432366,1245.64026206179
529,6,5,30,7,367,8.70906502135738,246,0.05505457997152349,1272.9986560129066
530,6,5,40,3,423,10.03796867584243,243,0.053630754627432366,1147.8849546240922
531,6,5,40,4,481,11.414333175130517,231,0.05149501661129568,1150.966013999585
532,6,5,40,5,532,12.624584717607974,226,0.05078310393925012,1159.3316946298821
533,6,5,40,6,573,13.597532036070241,221,0.04983388704318937,1185.3849080222355
534,6,5,40,7,598,14.19079259610821,219,0.051257712387280496,1244.5803147533647
535,6,5,50,3,555,13.170384432842905,234,0.04935927859515899,1123.670500924015
536,6,5,50,4,647,15.353583293782629,220,0.04983388704318937,1108.94631422413
537,6,5,50,5,742,17.60797342192691,214,0.047223540579022304,1279.3283067054642
538,6,5,50,6,802,19.031798766018035,206,0.04579971523493118,1262.3944738989474
539,6,5,50,7,854,20.26578073089701,201,0.04674893213099193,1335.3781433577906
540,6,5,60,3,642,15.234931181775035,231,0.04793545325106787,1087.4291125676968
541,6,5,60,4,754,17.892738490745135,212,0.04841006169909824,1064.0402287933669
542,6,5,60,5,886,21.02515424774561,206,0.04342667299477931,1228.419966491509
543,6,5,60,6,977,23.184622686283817,197,0.043663977218794496,1259.4883030757132
544,6,5,60,7,1062,25.20170859041291,191,0.04152823920265781,1282.8768009946168
545,6,5,70,3,682,16.184148077835786,231,0.04841006169909824,1133.8761572234284
546,6,5,70,4,820,19.45894636924537,212,0.04935927859515899,1157.3924991814858
547,6,5,70,5,978,23.208353108685333,206,0.044375889890840056,1300.4269864497587
548,6,5,70,6,1105,26.222116753678215,197,0.04413858566682487,1348.7713072068234
549,6,5,70,7,1221,28.97484575225439,190,0.03844328429046037,1262.9187476391419
550,6,6,30,3,237,5.624110109159943,265,0.05790223065970574,1197.4252877620168
551,6,6,30,4,260,6.169909824394874,259,0.05790223065970574,1209.0985236680576
552,6,6,30,5,279,6.6207878500237305,258,0.0567157095396298,1221.664056471586
553,6,6,30,6,293,6.953013763644993,257,0.0567157095396298,1238.6486681070098
554,6,6,30,7,301,7.142857142857143,256,0.05766492643569056,1256.7045071037087
555,6,6,40,3,411,9.753203607024204,247,0.05244423350735643,1151.7817563064873
556,6,6,40,4,469,11.129568106312293,235,0.051257712387280496,1141.808695979233
557,6,6,40,5,525,12.458471760797343,230,0.05007119126720456,1189.6521184916803
558,6,6,40,6,567,13.455149501661129,226,0.04935927859515899,1236.9202052252103
559,6,6,40,7,592,14.048410061699098,224,0.05030849549121975,1308.8047684847315
560,6,6,50,3,565,13.407688656858092,234,0.04864736592311343,1113.437199200745
561,6,6,50,4,663,15.73327005220693,220,0.04983388704318937,1111.6065488182048
562,6,6,50,5,768,18.224964404366396,214,0.046511627906976744,1299.8292784617774
563,6,6,50,6,832,19.7437114380636,205,0.04603701945894637,1288.6379647830497
564,6,6,50,7,890,21.120075937351686,200,0.045562411010915994,1321.2739385444886
565,6,6,60,3,654,15.519696250593261,231,0.04793545325106787,1070.930486345882
566,6,6,60,4,779,18.485999050783104,212,0.04864736592311343,1071.026457425885
567,6,6,60,5,919,21.80825818699573,206,0.04318936877076412,1247.835828516465
568,6,6,60,6,1022,24.25249169435216,197,0.04413858566682487,1256.2273693957916
569,6,6,60,7,1118,26.53061224489796,190,0.03986710963455149,1232.6455068813916
570,6,6,70,3,688,16.3265306122449,231,0.04793545325106787,1136.7567585896718
571,6,6,70,4,830,19.69625059326056,212,0.04983388704318937,1154.0544495765166
572,6,6,70,5,997,23.65923113431419,206,0.04413858566682487,1318.8322166254704
573,6,6,70,6,1127,26.74418604651163,197,0.044613194114855245,1401.1564842750302
574,6,6,70,7,1253,29.73421926910299,190,0.03891789273849074,1299.1513940625202
575,6,7,30,3,187,4.437588989084006,270,0.05695301376364499,1165.910083840318
576,6,7,30,4,207,4.912197437114381,267,0.05695301376364499,1181.8926096431007
577,6,7,30,5,221,5.2444233507356435,266,0.05624110109159943,1168.206571138629
578,6,7,30,6,233,5.529188419553868,265,0.0567157095396298,1173.4376474189357
579,6,7,30,7,242,5.742762221167537,264,0.05695301376364499,1186.791967677875
580,6,7,40,3,391,9.27859515899383,250,0.051969625059326056,1190.8293552832374
581,6,7,40,4,445,10.560037968675843,238,0.052206929283341245,1151.7804503580087
582,6,7,40,5,502,11.912672045562411,235,0.051257712387280496,1237.3271343086017
583,6,7,40,6,541,12.838158519221642,232,0.05030849549121975,1278.4899436646444
584,6,7,40,7,555,13.170384432842905,228,0.05030849549121975,1295.0601341475096
585,6,7,50,3,579,13.739914570479355,234,0.04888467014712862,1119.2211158347386
586,6,7,50,4,676,16.041765543426674,218,0.05054579971523493,1085.775954274724
587,6,7,50,5,782,18.55719031798766,211,0.046274323682961555,1244.0127710777363
588,6,7,50,6,848,20.123398196487898,202,0.04579971523493118,1279.1197889962875
589,6,7,50,7,911,21.61841480778358,197,0.045562411010915994,1296.3635287059544
590,6,7,60,3,658,15.614617940199336,231,0.04841006169909824,1086.0745454286268
591,6,7,60,4,782,18.55719031798766,212,0.04935927859515899,1089.30654397353
592,6,7,60,5,928,22.021831988609396,206,0.04342667299477931,1232.5851579531695
593,6,7,60,6,1034,24.537256763170383,197,0.043901281442809685,1252.849518848543
594,6,7,60,7,1139,27.028951115329853,190,0.03915519696250593,1200.2463039742822
595,6,7,70,3,690,16.373991457047936,231,0.04746084480303749,1127.7045384968162
596,6,7,70,4,837,19.86236355007119,212,0.05007119126720456,1151.7038327960818
597,6,7,70,5,1009,23.943996203132414,206,0.04318936877076412,1294.239187040848
598,6,7,70,6,1147,27.218794494542003,197,0.045087802562885616,1365.669143231639
599,6,7,70,7,1280,30.374940673943996,190,0.03820598006644518,1249.860894281189
600,7,2,30,3,287,6.810631229235881,232,0.04746084480303749,1123.0732043826408
601,7,2,30,4,315,7.475083056478406,225,0.04841006169909824,1094.5985961425974
602,7,2,30,5,335,7.94969150450878,224,0.04793545325106787,1141.3303147180764
603,7,2,30,6,347,8.234456573327005,223,0.04698623635500712,1160.2845016626052
604,7,2,30,7,351,8.32937826293308,223,0.04698623635500712,1182.1376600716865
605,7,2,40,3,327,7.759848125296631,227,0.04793545325106787,1096.8549461600942
606,7,2,40,4,366,8.685334598955862,219,0.04793545325106787,1093.4626635445438
607,7,2,40,5,391,9.27859515899383,218,0.046274323682961555,1137.2342927014768
608,7,2,40,6,410,9.729473184622686,215,0.04603701945894637,1151.4404229492852
609,7,2,40,7,418,9.919316563834837,215,0.046511627906976744,1191.467607246341
610,7,2,50,3,385,9.136212624584717,223,0.046274323682961555,1122.8191621507374
611,7,2,50,4,433,10.275272899857617,212,0.04579971523493118,1111.716654092244
612,7,2,50,5,469,11.129568106312293,208,0.043901281442809685,1115.2490451804497
613,7,2,50,6,500,11.865211200759374,204,0.04342667299477931,1132.57168632581
614,7,2,50,7,516,12.244897959183673,203,0.043901281442809685,1186.9702040968289
615,7,2,60,3,455,10.79734219269103,219,0.045325106786900805,1109.7139312964505
616,7,2,60,4,511,12.12624584717608,205,0.045087802562885616,1071.0560646498354
617,7,2,60,5,563,13.360227812055054,200,0.04200284765068818,1098.4070524234367
618,7,2,60,6,608,14.428096820123399,195,0.04224015187470337,1115.5260398486278
619,7,2,60,7,635,15.068818224964405,192,0.04224015187470337,1151.964717388875
620,7,2,70,3,520,12.339819648789748,216,0.04342667299477931,1093.2774605614113
621,7,2,70,4,598,14.19079259610821,200,0.04579971523493118,1052.7852954479413
622,7,2,70,5,672,15.946843853820598,194,0.04129093497864262,1106.2851658068628
623,7,2,70,6,735,17.441860465116278,188,0.04224015187470337,1169.7142745702893
624,7,2,70,7,769,18.248694826767917,183,0.04081632653061224,1172.1631149615503
625,7,3,30,3,310,7.356430944470811,228,0.04793545325106787,1099.0673308245705
626,7,3,30,4,346,8.210726150925487,220,0.04864736592311343,1102.6254475929668
627,7,3,30,5,371,8.803986710963455,219,0.04746084480303749,1150.0047712118214
628,7,3,30,6,388,9.207403891789275,218,0.04769814902705268,1187.614507918296
629,7,3,30,7,392,9.30232558139535,217,0.04769814902705268,1190.7904716090559
630,7,3,40,3,383,9.08875177978168,224,0.04698623635500712,1116.1985472774743
631,7,3,40,4,431,10.22781205505458,212,0.04698623635500712,1097.206359304735
632,7,3,40,5,470,11.153298528713812,208,0.044850498338870434,1112.4326294762475
633,7,3,40,6,503,11.93640246796393,204,0.044375889890840056,1140.6816080334636
634,7,3,40,7,522,12.387280493592787,203,0.045087802562885616,1193.4103807160625
635,7,3,50,3,465,11.034646416706217,219,0.043663977218794496,1115.734625842844
636,7,3,50,4,532,12.624584717607974,205,0.044613194114855245,1106.6247168427105
637,7,3,50,5,591,14.02467963929758,200,0.041765543426673,1155.8584930070706
638,7,3,50,6,639,15.16373991457048,195,0.04224015187470337,1192.1623040030997
639,7,3,50,7,665,15.780730897009967,192,0.04247745609871856,1236.1789742588294
640,7,3,60,3,541,12.838158519221642,215,0.04152823920265781,1054.7672401553286
641,7,3,60,4,627,14.878974845752255,199,0.043901281442809685,1043.782701082377
642,7,3,60,5,721,17.109634551495017,192,0.03939250118652112,1151.257316446978
643,7,3,60,6,788,18.699572852396773,185,0.04057902230659706,1178.3177856799805
644,7,3,60,7,833,19.767441860465116,180,0.04010441385856668,1181.857869310409
645,7,3,70,3,602,14.285714285714286,214,0.04010441385856668,1085.3170703551941
646,7,3,70,4,704,16.706217370669197,197,0.044613194114855245,1050.2230868488127
647,7,3,70,5,817,19.387755102040817,190,0.03844328429046037,1182.2965935701868
648,7,3,70,6,898,21.309919316563835,182,0.03844328429046037,1216.9055168844227
649,7,3,70,7,963,22.852396772662555,176,0.037256763170384434,1224.1895396346338
650,7,4,30,3,303,7.190317987660181,230,0.04912197437114381,1156.9773522903238
651,7,4,30,4,333,7.902230659705743,222,0.04935927859515899,1149.0807794591476
652,7,4,30,5,359,8.51922164214523,221,0.04841006169909824,1194.0627735567314
653,7,4,30,6,377,8.946369245372567,220,0.04793545325106787,1223.9237700141884
654,7,4,30,7,385,9.136212624584717,219,0.04888467014712862,1240.7314826930485
655,7,4,40,3,400,9.492168960607499,224,0.04674893213099193,1157.6119769413035
656,7,4,40,4,453,10.749881347887992,211,0.046511627906976744,1123.867759043873
657,7,4,40,5,500,11.865211200759374,207,0.044375889890840056,1156.6194324070782
658,7,4,40,6,538,12.766967252017086,203,0.04413858566682487,1177.8426855861023
659,7,4,40,7,559,13.26530612244898,201,0.044613194114855245,1223.9872556777293
660,7,4,50,3,506,12.007593735168486,218,0.04342667299477931,1140.7327631102448
661,7,4,50,4,592,14.048410061699098,204,0.045087802562885616,1112.3099934142433
662,7,4,50,5,672,15.946843853820598,197,0.04081632653061224,1192.093362631047
663,7,4,50,6,737,17.489321309919315,191,0.04152823920265781,1245.7361282431862
664,7,4,50,7,774,18.367346938775512,186,0.04129093497864262,1287.5260732923641
665,7,4,60,3,579,13.739914570479355,214,0.04200284765068818,1082.5819955472891
666,7,4,60,4,674,15.994304698623635,197,0.044613194114855245,1032.7273685497635
667,7,4,60,5,778,18.462268628381587,190,0.03962980541053631,1173.8053684335753
668,7,4,60,6,855,20.28951115329853,183,0.04057902230659706,1234.2720603484215
669,7,4,60,7,915,21.713336497389655,178,0.03891789273849074,1226.1156020109418
670,7,4,70,3,623,14.784053156146179,214,0.041765543426673,1068.8372024640678
671,7,4,70,4,746,17.702895111532985,197,0.044613194114855245,1105.7668923855258
672,7,4,70,5,873,20.716658756525867,189,0.03820598006644518,1217.6377690820082
673,7,4,70,6,978,23.208353108685333,182,0.03962980541053631,1294.840370253866
674,7,4,70,7,1071,25.41528239202658,175,0.035358329378262936,1258.795029075553
675,7,5,30,3,277,6.573327005220693,234,0.04864736592311343,1158.7397294805878
676,7,5,30,4,306,7.261509254864737,226,0.04912197437114381,1157.1021556535304
677,7,5,30,5,331,7.854769814902705,225,0.04841006169909824,1179.4815386174525
678,7,5,30,6,349,8.281917418130043,224,0.04793545325106787,1211.9548093785495
679,7,5,30,7,358,8.49549121974371,223,0.04912197437114381,1232.3511608392553
680,7,5,40,3,406,9.634551495016611,223,0.046511627906976744,1128.676579507105
681,7,5,40,4,463,10.98718557190318,210,0.046274323682961555,1106.677085789724
682,7,5,40,5,513,12.173706691979117,206,0.04413858566682487,1136.3293104635493
683,7,5,40,6,553,13.122923588039868,201,0.044375889890840056,1164.993680217654
684,7,5,40,7,577,13.692453725676318,199,0.045087802562885616,1217.3822066935247
685,7,5,50,3,526,12.482202183198861,216,0.04200284765068818,1096.7153945504667
686,7,5,50,4,611,14.499288087327955,202,0.044850498338870434,1108.3549272635578
687,7,5,50,5,698,16.563834836260085,195,0.03986710963455149,1214.444631981508
688,7,5,50,6,760,18.035121025154247,189,0.04081632653061224,1247.741143062956
689,7,5,50,7,802,19.031798766018035,184,0.03986710963455149,1252.5309605265538
690,7,5,60,3,602,14.285714285714286,214,0.04105363075462743,1064.3883823351355
691,7,5,60,4,707,16.777408637873755,197,0.044375889890840056,1072.5113418424
692,7,5,60,5,822,19.50640721404841,189,0.037968675842429994,1152.986678758008
693,7,5,60,6,910,21.59468438538206,182,0.03986710963455149,1237.6844340884838
694,7,5,60,7,986,23.398196487897483,176,0.036782154722354056,1239.6474796542657
695,7,5,70,3,634,15.045087802562886,214,0.04152823920265781,1096.0774329900873
696,7,5,70,4,767,18.20123398196488,197,0.04579971523493118,1126.2574552394708
697,7,5,70,5,903,21.428571428571427,189,0.03820598006644518,1186.0848385333968
698,7,5,70,6,1025,24.323682961556717,182,0.04034171808258187,1284.6825709550901
699,7,5,70,7,1124,26.67299477930707,174,0.035358329378262936,1186.0132584590172
700,7,6,30,3,237,5.624110109159943,241,0.05149501661129568,1158.739230830192
701,7,6,30,4,260,6.169909824394874,235,0.05244423350735643,1174.1771807663265
702,7,6,30,5,279,6.6207878500237305,234,0.05078310393925012,1188.6701677522576
703,7,6,30,6,293,6.953013763644993,233,0.051257712387280496,1211.2811611643865
704,7,6,30,7,300,7.119126720455624,232,0.051969625059326056,1222.7642692446866
705,7,6,40,3,397,9.420977693402943,227,0.045087802562885616,1135.230826218789
706,7,6,40,4,454,10.773611770289511,214,0.046274323682961555,1110.5468531583172
707,7,6,40,5,508,12.055054579971523,210,0.04342667299477931,1172.47821498331
708,7,6,40,6,549,13.028001898433793,206,0.043901281442809685,1222.346010828725
709,7,6,40,7,573,13.597532036070241,204,0.04413858566682487,1287.2627163996658
710,7,6,50,3,538,12.766967252017086,216,0.041765543426673,1085.0670166531238
711,7,6,50,4,629,14.926435690555293,202,0.044850498338870434,1098.9051078489579
712,7,6,50,5,727,17.25201708590413,195,0.03986710963455149,1232.9174674065882
713,7,6,50,6,794,18.841955386805886,188,0.04152823920265781,1268.0468678708098
714,7,6,50,7,845,20.05220692928334,183,0.03939250118652112,1245.2992209327713
715,7,6,60,3,614,14.57047935453251,214,0.04105363075462743,1048.2393332872234
716,7,6,60,4,732,17.370669197911724,197,0.044613194114855245,1079.5531897371718
717,7,6,60,5,854,20.26578073089701,189,0.03749406739439962,1170.5225304526857
718,7,6,60,6,954,22.638822971048885,182,0.04010441385856668,1233.7550549663467
719,7,6,60,7,1041,24.703369719981016,175,0.035358329378262936,1191.500873987322
720,7,6,70,3,639,15.16373991457048,214,0.04081632653061224,1095.0775861666352
721,7,6,70,4,776,18.41480778357855,197,0.04603701945894637,1119.141620064664
722,7,6,70,5,921,21.855719031798767,189,0.037731371618414805,1198.7291342331662
723,7,6,70,6,1050,24.916943521594686,182,0.04057902230659706,1328.510932316788
724,7,6,70,7,1158,27.47982914095871,174,0.03488372093023256,1199.7249849486398
725,7,7,30,3,184,4.36639772187945,247,0.05078310393925012,1147.8442543331682
726,7,7,30,4,203,4.8172757475083055,244,0.05102040816326531,1159.3570382000535
727,7,7,30,5,217,5.149501661129568,243,0.05030849549121975,1145.9319563137851
728,7,7,30,6,229,5.434266729947793,242,0.05078310393925012,1151.063289781352
729,7,7,30,7,238,5.647840531561462,241,0.05102040816326531,1164.1629784131824
730,7,7,40,3,382,9.06502135738016,229,0.044850498338870434,1171.5920508147544
731,7,7,40,4,436,10.346464167062173,216,0.047223540579022304,1119.2892786105517
732,7,7,40,5,491,11.651637399145704,214,0.044613194114855245,1218.4239811395903
733,7,7,40,6,529,12.553393450403417,211,0.044850498338870434,1262.347410246476
734,7,7,40,7,542,12.86188894162316,207,0.04413858566682487,1272.6569637184978
735,7,7,50,3,554,13.146654010441386,216,0.04200284765068818,1091.6467302122396
736,7,7,50,4,644,15.282392026578073,200,0.045562411010915994,1074.2978397527218
737,7,7,50,5,743,17.631703844328428,192,0.03962980541053631,1180.9946134427908
738,7,7,50,6,811,19.245372567631705,185,0.04105363075462743,1263.9037363053462
739,7,7,50,7,869,20.621737066919792,180,0.03915519696250593,1232.4837624432816
740,7,7,60,3,618,14.665401044138585,214,0.04152823920265781,1063.0625161161295
741,7,7,60,4,737,17.489321309919315,197,0.045325106786900805,1081.6282882687574
742,7,7,60,5,863,20.47935453251068,189,0.037731371618414805,1156.216759540444
743,7,7,60,6,967,22.94731846226863,182,0.04010441385856668,1234.731003170413
744,7,7,60,7,1058,25.106786900806835,175,0.03559563360227812,1183.0135510269702
745,7,7,70,3,640,15.187470336971998,214,0.04057902230659706,1095.0775861666352
746,7,7,70,4,781,18.53345989558614,197,0.046274323682961555,1119.7772811417635
747,7,7,70,5,931,22.093023255813954,189,0.037256763170384434,1184.122612397008
748,7,7,70,6,1068,25.34409112482202,182,0.04105363075462743,1300.2405596155065
749,7,7,70,7,1183,28.07308970099668,174,0.03464641670621737,1170.9124897076304
750,8,2,30,3,270,6.4072140484100615,218,0.04579971523493118,1117.8702719988937
751,8,2,30,4,298,7.071665875652586,212,0.04579971523493118,1101.248005523466
752,8,2,30,5,317,7.522543901281443,211,0.046274323682961555,1147.143558088886
753,8,2,30,6,328,7.783578547698149,210,0.044850498338870434,1175.5667690975304
754,8,2,30,7,331,7.854769814902705,210,0.045087802562885616,1184.6392034411626
755,8,2,40,3,307,7.285239677266255,214,0.04674893213099193,1096.5174741360772
756,8,2,40,4,344,8.16326530612245,207,0.04579971523493118,1091.6805766050513
757,8,2,40,5,368,8.7327954437589,206,0.045087802562885616,1134.2733851263163
758,8,2,40,6,386,9.159943046986236,203,0.044375889890840056,1157.6723436661068
759,8,2,40,7,393,9.326056003796868,203,0.045087802562885616,1184.845337351918
760,8,2,50,3,360,8.542952064546748,211,0.04579971523493118,1143.5604316803779
761,8,2,50,4,405,9.610821072615092,201,0.04413858566682487,1118.5938376500785
762,8,2,50,5,440,10.441385856668248,197,0.04318936877076412,1121.0535049071857
763,8,2,50,6,470,11.153298528713812,193,0.04224015187470337,1147.6159424069033
764,8,2,50,7,485,11.509254864736592,192,0.04295206454674893,1189.6136192317133
765,8,2,60,3,427,10.132890365448505,206,0.045325106786900805,1080.2509019909098
766,8,2,60,4,484,11.485524442335073,194,0.04318936877076412,1074.1953768378721
767,8,2,60,5,535,12.69577598481253,189,0.04224015187470337,1092.3791953875716
768,8,2,60,6,577,13.692453725676318,183,0.04129093497864262,1114.909349717797
769,8,2,60,7,603,14.309444708115805,181,0.04200284765068818,1143.6977502318482
770,8,2,70,3,492,11.675367821547223,205,0.04295206454674893,1145.2217899550487
771,8,2,70,4,570,13.526340768865685,192,0.04342667299477931,1159.5882838943724
772,8,2,70,5,637,15.116279069767442,186,0.04152823920265781,1176.896552887138
773,8,2,70,6,690,16.373991457047936,179,0.04057902230659706,1214.7846853942167
774,8,2,70,7,722,17.133364973896537,175,0.04057902230659706,1239.6745974286841
775,8,3,30,3,294,6.976744186046512,214,0.046511627906976744,1103.156027135384
776,8,3,30,4,329,7.807308970099668,207,0.04603701945894637,1109.3236180644483
777,8,3,30,5,353,8.376839107736117,206,0.04579971523493118,1155.8621969950789
778,8,3,30,6,369,8.756525866160418,205,0.045562411010915994,1203.2567426405542
779,8,3,30,7,372,8.827717133364974,204,0.04579971523493118,1193.3103253530885
780,8,3,40,3,359,8.51922164214523,212,0.046511627906976744,1140.9227075211738
781,8,3,40,4,404,9.587090650213574,201,0.045325106786900805,1107.980440184525
782,8,3,40,5,442,10.488846701471287,197,0.04413858566682487,1122.2604715973039
783,8,3,40,6,474,11.248220218319886,193,0.04318936877076412,1160.007449789911
784,8,3,40,7,492,11.675367821547223,192,0.04413858566682487,1200.3872896675064
785,8,3,50,3,439,10.41765543426673,207,0.043663977218794496,1112.4842218245365
786,8,3,50,4,506,12.007593735168486,195,0.04295206454674893,1135.6202381103487
787,8,3,50,5,563,13.360227812055054,190,0.04200284765068818,1170.9018533487613
788,8,3,50,6,607,14.40436639772188,184,0.04105363075462743,1211.6917080710296
789,8,3,50,7,632,14.997626957759849,182,0.04200284765068818,1248.1027706481555
790,8,3,60,3,516,12.244897959183673,204,0.04129093497864262,1093.3267824388613
791,8,3,60,4,604,14.333175130517324,191,0.04129093497864262,1119.0030562316817
792,8,3,60,5,693,16.44518272425249,184,0.03986710963455149,1204.8627181930833
793,8,3,60,6,751,17.82154722354058,176,0.03844328429046037,1202.7902794989961
794,8,3,60,7,795,18.865685809207402,172,0.04010441385856668,1224.8363517207492
795,8,3,70,3,568,13.478879924062648,204,0.03915519696250593,1154.8861642372358
796,8,3,70,4,670,15.89938300901756,190,0.04247745609871856,1174.037144379361
797,8,3,70,5,774,18.367346938775512,183,0.03939250118652112,1275.3846097034993
798,8,3,70,6,843,20.004746084480303,174,0.036782154722354056,1263.0108099745908
799,8,3,70,7,906,21.499762695775985,169,0.03844328429046037,1305.6209785902804
800,8,4,30,3,290,6.881822496440437,215,0.04793545325106787,1154.4389609873824
801,8,4,30,4,319,7.57000474608448,208,0.04698623635500712,1149.2493919834133
802,8,4,30,5,344,8.16326530612245,207,0.04698623635500712,1193.0730924951474
803,8,4,30,6,361,8.566682486948269,206,0.04603701945894637,1232.737630217045
804,8,4,30,7,368,8.7327954437589,205,0.047223540579022304,1236.0308891014843
805,8,4,40,3,380,9.017560512577123,211,0.046511627906976744,1165.7683623264072
806,8,4,40,4,430,10.204081632653061,200,0.044850498338870434,1152.2776415496191
807,8,4,40,5,475,11.271950640721405,196,0.043901281442809685,1174.3999368909465
808,8,4,40,6,511,12.12624584717608,192,0.04295206454674893,1203.595080187664
809,8,4,40,7,531,12.600854295206455,190,0.043663977218794496,1237.1012574318659
810,8,4,50,3,482,11.438063597532036,206,0.043901281442809685,1154.110002653972
811,8,4,50,4,568,13.478879924062648,194,0.04295206454674893,1134.1562168309051
812,8,4,50,5,644,15.282392026578073,187,0.04152823920265781,1197.73409353048
813,8,4,50,6,703,16.68248694826768,180,0.03986710963455149,1227.3094427697552
814,8,4,50,7,740,17.560512577123873,176,0.04152823920265781,1282.2869828916223
815,8,4,60,3,549,13.028001898433793,204,0.04152823920265781,1132.2750477027553
816,8,4,60,4,647,15.353583293782629,190,0.04271476032273375,1149.6478305545938
817,8,4,60,5,745,17.679164689131465,183,0.04105363075462743,1271.1528402469035
818,8,4,60,6,814,19.31656383483626,175,0.03891789273849074,1277.678163837094
819,8,4,60,7,875,20.764119601328904,171,0.04010441385856668,1297.2618438479303
820,8,4,70,3,593,14.072140484100617,204,0.04081632653061224,1136.0372103969105
821,8,4,70,4,717,17.014712861888942,190,0.04318936877076412,1275.5980576356328
822,8,4,70,5,835,19.814902705268153,182,0.03844328429046037,1326.692042474644
823,8,4,70,6,929,22.045562411010916,174,0.03820598006644518,1345.491913472013
824,8,4,70,7,1020,24.20503084954912,169,0.036070242050308496,1346.7297149509538
825,8,5,30,3,268,6.359753203607024,218,0.047223540579022304,1158.673251633493
826,8,5,30,4,296,7.024205030849549,211,0.046511627906976744,1159.7500260788427
827,8,5,30,5,320,7.593735168485999,210,0.04674893213099193,1181.0274882056335
828,8,5,30,6,337,7.9971523493118175,209,0.04579971523493118,1223.2963399632868
829,8,5,30,7,345,8.186995728523968,208,0.047223540579022304,1230.311168130472
830,8,5,40,3,387,9.183673469387756,210,0.04603701945894637,1150.954237394637
831,8,5,40,4,441,10.465116279069768,199,0.044375889890840056,1148.9526460819125
832,8,5,40,5,489,11.604176554342667,195,0.04342667299477931,1168.3394278018968
833,8,5,40,6,527,12.50593260560038,190,0.04295206454674893,1205.4687970944556
834,8,5,40,7,550,13.051732320835312,188,0.043901281442809685,1245.9327212987796
835,8,5,50,3,500,11.865211200759374,204,0.041765543426673,1088.6345139065918
836,8,5,50,4,588,13.953488372093023,192,0.04247745609871856,1128.0961721431408
837,8,5,50,5,672,15.946843853820598,185,0.04057902230659706,1219.7930833480498
838,8,5,50,6,726,17.22828666350261,178,0.03891789273849074,1226.7264379901023
839,8,5,50,7,773,18.34361651637399,174,0.04081632653061224,1261.6011279013662
840,8,5,60,3,569,13.502610346464166,204,0.04034171808258187,1122.8401668604806
841,8,5,60,4,676,16.041765543426674,190,0.04247745609871856,1209.3281582364843
842,8,5,60,5,783,18.58092074038918,182,0.03891789273849074,1260.6604591149232
843,8,5,60,6,862,20.45562411010916,174,0.03749406739439962,1298.5040960179224
844,8,5,60,7,936,22.21167536782155,169,0.037968675842429994,1322.37807028663
845,8,5,70,3,604,14.333175130517324,204,0.04057902230659706,1161.5378540303104
846,8,5,70,4,736,17.4655908875178,190,0.044375889890840056,1301.4102732124695
847,8,5,70,5,861,20.431893687707642,182,0.03844328429046037,1299.593625349719
848,8,5,70,6,966,22.92358803986711,174,0.03915519696250593,1371.058271947581
849,8,5,70,7,1069,25.367821547223542,168,0.03559563360227812,1299.6627664035034
850,8,6,30,3,232,5.505457997152349,223,0.04935927859515899,1160.3544860281677
851,8,6,30,4,255,6.05125771238728,218,0.04935927859515899,1177.6079126243576
852,8,6,30,5,274,6.502135738016137,217,0.04841006169909824,1194.1012608515564
853,8,6,30,6,287,6.810631229235881,216,0.04841006169909824,1226.5948816112837
854,8,6,30,7,293,6.953013763644993,215,0.04935927859515899,1224.7125348051459
855,8,6,40,3,384,9.112482202183198,212,0.044613194114855245,1152.0884552204468
856,8,6,40,4,439,10.41765543426673,201,0.04413858566682487,1151.6580382018844
857,8,6,40,5,491,11.651637399145704,197,0.04247745609871856,1204.1346440025654
858,8,6,40,6,530,12.577123872804936,193,0.04224015187470337,1263.374215208261
859,8,6,40,7,553,13.122923588039868,191,0.04271476032273375,1315.9526956854502
860,8,6,50,3,511,12.12624584717608,204,0.041765543426673,1078.0208952680064
861,8,6,50,4,606,14.380635975320361,192,0.04247745609871856,1118.4780391364372
862,8,6,50,5,701,16.635026103464643,185,0.04057902230659706,1238.347273706297
863,8,6,50,6,763,18.106312292358805,177,0.03939250118652112,1238.1344839104602
864,8,6,50,7,817,19.387755102040817,173,0.03986710963455149,1259.4376325735502
865,8,6,60,3,580,13.763644992880874,204,0.03962980541053631,1107.0928219148232
866,8,6,60,4,699,16.587565258661606,190,0.04224015187470337,1223.5237313576456
867,8,6,60,5,811,19.245372567631705,182,0.037968675842429994,1270.866055457217
868,8,6,60,6,901,21.38111058376839,174,0.03820598006644518,1293.3294915104714
869,8,6,60,7,986,23.398196487897483,169,0.036782154722354056,1294.4485938236548
870,8,6,70,3,609,14.451827242524917,204,0.03986710963455149,1160.4782939128254
871,8,6,70,4,747,17.726625533934506,190,0.044613194114855245,1280.218533617566
872,8,6,70,5,884,20.977693402942574,182,0.03820598006644518,1328.7951005842797
873,8,6,70,6,997,23.65923113431419,174,0.03939250118652112,1443.5366385142743
874,8,6,70,7,1108,26.293308020882773,168,0.03488372093023256,1349.133789909422
875,8,7,30,3,182,4.318936877076412,229,0.04935927859515899,1143.1374610675346
876,8,7,30,4,202,4.793545325106787,227,0.04888467014712862,1166.0686016921336
877,8,7,30,5,216,5.125771238728049,226,0.04888467014712862,1154.4588135529075
878,8,7,30,6,227,5.386805885144756,225,0.04888467014712862,1168.948042766433
879,8,7,30,7,235,5.576649264356906,224,0.04935927859515899,1169.351364471617
880,8,7,40,3,371,8.803986710963455,214,0.04413858566682487,1185.4530567576373
881,8,7,40,4,423,10.03796867584243,203,0.045562411010915994,1165.6698298960287
882,8,7,40,5,475,11.271950640721405,201,0.043901281442809685,1251.0057239680168
883,8,7,40,6,508,12.055054579971523,198,0.04342667299477931,1306.3618427264169
884,8,7,40,7,524,12.434741338395824,194,0.04318936877076412,1300.3120834042434
885,8,7,50,3,528,12.529663028001899,204,0.041765543426673,1094.63019472515
886,8,7,50,4,622,14.76032273374466,190,0.04295206454674893,1103.587214878248
887,8,7,50,5,718,17.03844328429046,182,0.04010441385856668,1197.2119757152989
888,8,7,50,6,780,18.509729473184624,174,0.03891789273849074,1234.08908606866
889,8,7,50,7,841,19.957285239677265,170,0.03962980541053631,1246.476674733829
890,8,7,60,3,586,13.906027527289986,204,0.04010441385856668,1119.0167721340704
891,8,7,60,4,705,16.729947793070718,190,0.04318936877076412,1229.6288853230442
892,8,7,60,5,821,19.48267679164689,182,0.037968675842429994,1249.2844143643201
893,8,7,60,6,911,21.61841480778358,174,0.038680588514475554,1314.207688206567
894,8,7,60,7,1004,23.825344091124823,169,0.036307546274323685,1268.1472673455544
895,8,7,70,3,610,14.475557664926436,204,0.03962980541053631,1160.4782939128254
896,8,7,70,4,752,17.845277645942097,190,0.044850498338870434,1280.94568474608
897,8,7,70,5,894,21.21499762695776,182,0.037731371618414805,1312.6037241522079
898,8,7,70,6,1017,24.133839582344567,174,0.03986710963455149,1401.400973734443
899,8,7,70,7,1138,27.005220692928333,168,0.03488372093023256,1291.0974172479496
900,9,2,30,3,242,5.742762221167537,203,0.04295206454674893,1178.2481759391367
901,9,2,30,4,267,6.336022781205505,198,0.04224015187470337,1186.1583946415865
902,9,2,30,5,283,6.715709539629805,197,0.04295206454674893,1216.0478291255158
903,9,2,30,6,292,6.929283341243474,196,0.04152823920265781,1236.6907357481712
904,9,2,30,7,295,7.00047460844803,196,0.041765543426673,1246.2348941902055
905,9,2,40,3,279,6.6207878500237305,199,0.04342667299477931,1171.5591144178618
906,9,2,40,4,309,7.332700522069293,193,0.04224015187470337,1190.1670705879599
907,9,2,40,5,328,7.783578547698149,192,0.041765543426673,1214.695836161822
908,9,2,40,6,343,8.13953488372093,189,0.04081632653061224,1222.1871972545787
909,9,2,40,7,350,8.305647840531561,189,0.04152823920265781,1250.8744896267033
910,9,2,50,3,324,7.688656858092074,197,0.04318936877076412,1221.28822140361
911,9,2,50,4,362,8.590412909349787,188,0.04129093497864262,1223.13761906238
912,9,2,50,5,391,9.27859515899383,185,0.04057902230659706,1220.6546287252868
913,9,2,50,6,417,9.895586141433318,181,0.03962980541053631,1224.3997554940804
914,9,2,50,7,431,10.22781205505458,180,0.04010441385856668,1258.208295999978
915,9,2,60,3,386,9.159943046986236,192,0.04318936877076412,1153.9012316374644
916,9,2,60,4,436,10.346464167062173,182,0.041765543426673,1199.7423238796143
917,9,2,60,5,477,11.319411485524443,178,0.04057902230659706,1192.048292494336
918,9,2,60,6,513,12.173706691979117,172,0.04010441385856668,1189.227724601182
919,9,2,60,7,536,12.719506407214048,170,0.04010441385856668,1202.7469295990968
920,9,2,70,3,453,10.749881347887992,191,0.04081632653061224,1226.5934203072184
921,9,2,70,4,524,12.434741338395824,180,0.04152823920265781,1305.430647306504
922,9,2,70,5,582,13.811105837683911,175,0.03962980541053631,1292.099505342786
923,9,2,70,6,627,14.878974845752255,168,0.03915519696250593,1304.5789258466625
924,9,2,70,7,654,15.519696250593261,164,0.03891789273849074,1297.5653880933612
925,9,3,30,3,267,6.336022781205505,199,0.04342667299477931,1177.5120142415913
926,9,3,30,4,296,7.024205030849549,193,0.04247745609871856,1210.5713835156114
927,9,3,30,5,315,7.475083056478406,192,0.04247745609871856,1239.0124160307053
928,9,3,30,6,328,7.783578547698149,191,0.04200284765068818,1271.5404283950522
929,9,3,30,7,331,7.854769814902705,190,0.04224015187470337,1261.02956130367
930,9,3,40,3,328,7.783578547698149,197,0.04342667299477931,1202.1838331763
931,9,3,40,4,367,8.70906502135738,187,0.04224015187470337,1201.6845966776052
932,9,3,40,5,399,9.46843853820598,184,0.04129093497864262,1212.0363015164846
933,9,3,40,6,427,10.132890365448505,180,0.04034171808258187,1227.560596152886
934,9,3,40,7,444,10.536307546274324,179,0.04105363075462743,1259.2834759652949
935,9,3,50,3,398,9.444708115804461,193,0.04152823920265781,1188.332184101594
936,9,3,50,4,458,10.868533459895586,183,0.04152823920265781,1268.3462365346395
937,9,3,50,5,504,11.960132890365449,179,0.04010441385856668,1276.2250368536386
938,9,3,50,6,541,12.838158519221642,173,0.03986710963455149,1291.6688107886127
939,9,3,50,7,563,13.360227812055054,171,0.04010441385856668,1306.297080591518
940,9,3,60,3,479,11.36687233032748,190,0.03915519696250593,1175.4782725696716
941,9,3,60,4,560,13.289036544850498,179,0.03891789273849074,1266.3145333436526
942,9,3,60,5,639,15.16373991457048,174,0.037968675842429994,1337.4055442012882
943,9,3,60,6,688,16.3265306122449,166,0.037256763170384434,1303.2140996090777
944,9,3,60,7,726,17.22828666350261,162,0.03844328429046037,1290.7534999172456
945,9,3,70,3,529,12.553393450403417,190,0.037019458946369245,1234.3846843778497
946,9,3,70,4,625,14.831514000949216,178,0.04034171808258187,1318.2094378341335
947,9,3,70,5,719,17.06217370669198,172,0.037019458946369245,1364.5204457932007
948,9,3,70,6,780,18.509729473184624,163,0.03559563360227812,1338.5780575550307
949,9,3,70,7,836,19.838633127669674,158,0.037019458946369245,1341.7050725546621
950,9,4,30,3,269,6.383483626008543,199,0.04413858566682487,1203.93615696018
951,9,4,30,4,296,7.024205030849549,193,0.04318936877076412,1233.2169014608837
952,9,4,30,5,317,7.522543901281443,192,0.04318936877076412,1258.1966530185473
953,9,4,30,6,332,7.878500237304224,191,0.04224015187470337,1288.9834645596593
954,9,4,30,7,338,8.020882771713337,190,0.04318936877076412,1281.2266757945686
955,9,4,40,3,349,8.281917418130043,196,0.04342667299477931,1228.3635597560483
956,9,4,40,4,393,9.326056003796868,186,0.041765543426673,1249.7281023440928
957,9,4,40,5,432,10.251542477456098,183,0.04105363075462743,1268.3466913742059
958,9,4,40,6,463,10.98718557190318,179,0.04034171808258187,1274.4118378758628
959,9,4,40,7,481,11.414333175130517,177,0.04057902230659706,1291.6236356990712
960,9,4,50,3,445,10.560037968675843,192,0.041765543426673,1240.8286836702762
961,9,4,50,4,523,12.411010915994305,182,0.04081632653061224,1281.1045630587116
962,9,4,50,5,589,13.977218794494542,177,0.03986710963455149,1327.56647880464
963,9,4,50,6,639,15.16373991457048,170,0.03891789273849074,1327.8537641564012
964,9,4,50,7,670,15.89938300901756,166,0.04010441385856668,1349.3381229221447
965,9,4,60,3,512,12.149976269577598,190,0.03939250118652112,1214.9106820144957
966,9,4,60,4,604,14.333175130517324,178,0.04057902230659706,1295.8313156677123
967,9,4,60,5,693,16.44518272425249,173,0.038680588514475554,1410.3588004126752
968,9,4,60,6,752,17.845277645942097,165,0.037731371618414805,1394.6869725800027
969,9,4,60,7,806,19.12672045562411,161,0.038680588514475554,1372.288466014125
970,9,4,70,3,554,13.146654010441386,190,0.03915519696250593,1208.0398647146094
971,9,4,70,4,674,15.994304698623635,178,0.04105363075462743,1401.726634102323
972,9,4,70,5,785,18.628381585192216,171,0.036782154722354056,1363.593343255216
973,9,4,70,6,871,20.66919791172283,163,0.036070242050308496,1357.64619321531
974,9,4,70,7,943,22.377788324632178,155,0.03440911248220219,1295.1574508294498
975,9,5,30,3,255,6.05125771238728,200,0.04342667299477931,1195.6395743712392
976,9,5,30,4,283,6.715709539629805,194,0.04318936877076412,1212.370117235864
977,9,5,30,5,305,7.237778832463218,193,0.04295206454674893,1233.7096933575265
978,9,5,30,6,321,7.617465590887518,192,0.04224015187470337,1275.4355429523632
979,9,5,30,7,328,7.783578547698149,191,0.04342667299477931,1271.63291529209
980,9,5,40,3,358,8.49549121974371,195,0.04247745609871856,1224.0536784633714
981,9,5,40,4,406,9.634551495016611,185,0.04081632653061224,1257.7324851451142
982,9,5,40,5,448,10.631229235880399,182,0.04010441385856668,1273.558039865518
983,9,5,40,6,481,11.414333175130517,177,0.03986710963455149,1288.2884529555722
984,9,5,40,7,502,11.912672045562411,175,0.04034171808258187,1312.9647748969007
985,9,5,50,3,463,10.98718557190318,190,0.03962980541053631,1170.4334316334248
986,9,5,50,4,544,12.909349786426198,180,0.04010441385856668,1276.6047150977888
987,9,5,50,5,618,14.665401044138585,175,0.038680588514475554,1353.9783477528415
988,9,5,50,6,663,15.73327005220693,168,0.037731371618414805,1329.1487448816367
989,9,5,50,7,704,16.706217370669197,164,0.03915519696250593,1329.4968499673446
990,9,5,60,3,533,12.648315140009492,190,0.03844328429046037,1197.9875121950067
991,9,5,60,4,638,15.14000949216896,178,0.04057902230659706,1335.891832437918
992,9,5,60,5,738,17.513051732320836,171,0.036544850498338874,1334.352790498874
993,9,5,60,6,809,19.197911722828668,163,0.03559563360227812,1353.664845054959
994,9,5,60,7,872,20.692928334124346,156,0.036070242050308496,1311.1950696386436
995,9,5,70,3,563,13.360227812055054,190,0.03891789273849074,1225.9231620446176
996,9,5,70,4,691,16.397721879449453,178,0.041765543426673,1435.9755581115173
997,9,5,70,5,809,19.197911722828668,171,0.036307546274323685,1345.6222334643203
998,9,5,70,6,905,21.476032273374464,163,0.036544850498338874,1397.9922420045932
999,9,5,70,7,988,23.445657332700524,155,0.034171808258187,1290.6223937944399
1000,9,6,30,3,228,5.410536307546274,205,0.045087802562885616,1215.3387723485594
1001,9,6,30,4,251,5.956336022781206,200,0.045087802562885616,1233.4097657826353
1002,9,6,30,5,270,6.4072140484100615,199,0.04413858566682487,1250.6846639518835
1003,9,6,30,6,283,6.715709539629805,198,0.04413858566682487,1284.7180198261392
1004,9,6,30,7,289,6.858092074038918,197,0.045087802562885616,1282.746476574439
1005,9,6,40,3,358,8.49549121974371,196,0.04105363075462743,1215.7281710077282
1006,9,6,40,4,408,9.682012339819648,186,0.04034171808258187,1254.5123113872164
1007,9,6,40,5,454,10.773611770289511,183,0.03891789273849074,1306.1408021522523
1008,9,6,40,6,488,11.580446131941148,179,0.03891789273849074,1343.5517092230655
1009,9,6,40,7,508,12.055054579971523,177,0.03915519696250593,1368.3667133728452
1010,9,6,50,3,474,11.248220218319886,190,0.03962980541053631,1159.0223162163425
1011,9,6,50,4,562,13.336497389653536,180,0.04010441385856668,1265.7204002228714
1012,9,6,50,5,648,15.377313716184148,175,0.03844328429046037,1363.5398808814168
1013,9,6,50,6,701,16.635026103464643,167,0.03820598006644518,1352.1020037223652
1014,9,6,50,7,744,17.655434266729948,163,0.03844328429046037,1330.353411521766
1015,9,6,60,3,545,12.933080208827716,190,0.037968675842429994,1175.6598787843898
1016,9,6,60,4,661,15.685809207403892,178,0.04034171808258187,1353.5783134037738
1017,9,6,60,5,767,18.20123398196488,171,0.036307546274323685,1327.1162428524717
1018,9,6,60,6,849,20.147128618889415,163,0.036070242050308496,1325.894995930185
1019,9,6,60,7,915,21.713336497389655,155,0.03488372093023256,1264.7985823160511
1020,9,6,70,3,568,13.478879924062648,190,0.03820598006644518,1213.9361266521537
1021,9,6,70,4,703,16.68248694826768,178,0.041765543426673,1398.0466532982628
1022,9,6,70,5,834,19.791172282866636,171,0.036544850498338874,1354.1680657702261
1023,9,6,70,6,940,22.306597057427624,163,0.036782154722354056,1455.660933141616
1024,9,6,70,7,1030,24.44233507356431,155,0.03322259136212625,1330.3153216819433
1025,9,7,30,3,182,4.318936877076412,210,0.045087802562885616,1189.1131800513174
1026,9,7,30,4,202,4.793545325106787,208,0.044613194114855245,1212.9665856818665
1027,9,7,30,5,216,5.125771238728049,207,0.044613194114855245,1200.889864758849
1028,9,7,30,6,227,5.386805885144756,206,0.044613194114855245,1215.9618346779334
1029,9,7,30,7,235,5.576649264356906,205,0.045087802562885616,1216.3813775341248
1030,9,7,40,3,354,8.400569530137636,197,0.04010441385856668,1220.615512613785
1031,9,7,40,4,405,9.610821072615092,187,0.04129093497864262,1238.567760144673
1032,9,7,40,5,453,10.749881347887992,185,0.03962980541053631,1306.3507554795221
1033,9,7,40,6,483,11.461794019933555,182,0.03939250118652112,1353.3385128768496
1034,9,7,40,7,497,11.794019933554818,178,0.038680588514475554,1328.2869165095392
1035,9,7,50,3,491,11.651637399145704,190,0.03962980541053631,1176.8796219625024
1036,9,7,50,4,579,13.739914570479355,178,0.04034171808258187,1255.8957301622625
1037,9,7,50,5,666,15.804461319411486,172,0.037731371618414805,1325.66273929201
1038,9,7,50,6,719,17.06217370669198,164,0.03749406739439962,1355.2666555588946
1039,9,7,50,7,772,18.31988609397247,159,0.037968675842429994,1300.3539348532963
1040,9,7,60,3,551,13.07546274323683,190,0.03844328429046037,1188.3223309220002
1041,9,7,60,4,667,15.828191741813004,178,0.04129093497864262,1360.3324153437432
1042,9,7,60,5,777,18.438538205980066,171,0.036307546274323685,1304.579370206604
1043,9,7,60,6,859,20.384432842904605,163,0.036544850498338874,1347.2988970281822
1044,9,7,60,7,928,22.021831988609396,155,0.03464641670621737,1255.6611456307044
1045,9,7,70,3,569,13.502610346464166,190,0.037968675842429994,1213.9361266521537
1046,9,7,70,4,707,16.777408637873755,178,0.041765543426673,1392.4971951137497
1047,9,7,70,5,844,20.028476506881823,171,0.036070242050308496,1340.5410209202912
1048,9,7,70,6,960,22.781205505457997,163,0.037256763170384434,1412.0204089800895
1049,9,7,70,7,1059,25.130517323208352,155,0.03345989558614143,1276.1282271718642
