Date,Close/Last,Volume,Open,High,Low
2/2/24,0.6512,N/A,0.6569,0.6611,0.6502
2/1/24,0.6594,N/A,0.6569,0.66,0.657
1/31/24,0.6551,N/A,0.6565,0.6579,0.655
1/30/24,0.6572,N/A,0.6601,0.6604,0.6559
1/29/24,0.661,N/A,0.661,0.6625,0.6597
1/28/24,0.659,N/A,0.6574,0.6596,0.657
1/26/24,0.6576,N/A,0.6581,0.661,0.6575
1/25/24,0.6589,N/A,0.6581,0.6594,0.6576
1/24/24,0.6573,N/A,0.6576,0.6581,0.6566
1/23/24,0.6574,N/A,0.6578,0.6587,0.6566
1/22/24,0.6598,N/A,0.657,0.6602,0.6565
1/19/24,0.6598,N/A,0.657,0.6602,0.6565
1/18/24,0.6579,N/A,0.657,0.659,0.6568
1/17/24,0.6558,N/A,0.655,0.6567,0.6526
1/16/24,0.6572,N/A,0.6583,0.6595,0.6567
1/15/24,0.6613,N/A,0.666,0.6665,0.6611
1/14/24,0.6692,N/A,0.6685,0.6705,0.6681
1/12/24,0.6686,N/A,0.6687,0.673,0.6677
1/11/24,0.6704,N/A,0.6687,0.6715,0.6684
1/10/24,0.672,N/A,0.6698,0.6726,0.6695
1/9/24,0.6705,N/A,0.6682,0.6708,0.668
1/8/24,0.6718,N/A,0.6718,0.6734,0.6712
1/7/24,0.67,N/A,0.6713,0.6735,0.6696
1/5/24,0.6713,N/A,0.6705,0.6748,0.6641
1/4/24,0.67,N/A,0.6705,0.6719,0.6699
1/3/24,0.6739,N/A,0.6729,0.6747,0.6721
1/2/24,0.6762,N/A,0.676,0.6771,0.6751
1/1/24,0.6817,N/A,0.6811,0.6823,0.6802
12/29/23,0.6813,N/A,0.6829,0.6846,0.6781
12/28/23,0.684,N/A,0.6829,0.6846,0.6823
12/27/23,0.684,N/A,0.6843,0.6872,0.6838
12/26/23,0.6835,N/A,0.6835,0.6841,0.6818
12/25/23,0.6815,N/A,0.6796,0.6816,0.6792
12/24/23,0.6791,N/A,0.6799,0.6803,0.6774
12/22/23,0.68,N/A,0.6801,0.6826,0.6774
12/21/23,0.6784,N/A,0.6801,0.6803,0.6775
12/20/23,0.6749,N/A,0.6729,0.6753,0.6725
12/19/23,0.6772,N/A,0.6761,0.6774,0.6748
12/18/23,0.6722,N/A,0.6705,0.6727,0.6701
12/17/23,0.6713,N/A,0.6696,0.672,0.6693
12/15/23,0.67,N/A,0.6697,0.6729,0.6663
12/14/23,0.6718,N/A,0.6697,0.6725,0.6694
12/13/23,0.6714,N/A,0.6658,0.6728,0.6654
12/12/23,0.6553,N/A,0.6559,0.6568,0.6547
12/11/23,0.6591,N/A,0.6565,0.6593,0.6563
12/10/23,0.6553,N/A,0.6577,0.6583,0.6551
12/8/23,0.6578,N/A,0.6601,0.6621,0.6558
12/7/23,0.6616,N/A,0.6601,0.662,0.6592
12/6/23,0.653,N/A,0.6549,0.6559,0.6525
12/5/23,0.6559,N/A,0.6619,0.6627,0.6556
12/4/23,0.6583,N/A,0.6583,0.6627,0.6571
12/3/23,0.6658,N/A,0.6672,0.6691,0.6653
12/1/23,0.6676,N/A,0.6605,0.6677,0.66
11/30/23,0.6611,N/A,0.6605,0.6631,0.66
11/29/23,0.6645,N/A,0.6617,0.6645,0.6614
11/28/23,0.665,N/A,0.6648,0.6677,0.6636
11/27/23,0.6623,N/A,0.6606,0.6632,0.6603
11/26/23,0.6574,N/A,0.6574,0.6595,0.6566
11/24/23,0.6583,N/A,0.6557,0.6592,0.655
11/23/23,0.6562,N/A,0.6557,0.657,0.655
11/22/23,0.6554,N/A,0.6541,0.656,0.6538
11/21/23,0.6555,N/A,0.6554,0.657,0.6549
11/20/23,0.6577,N/A,0.6556,0.6587,0.6553
11/19/23,0.6552,N/A,0.6508,0.6563,0.6501
11/17/23,0.6516,N/A,0.647,0.6517,0.6452
11/16/23,0.6469,N/A,0.647,0.6476,0.6457
11/15/23,0.6469,N/A,0.6505,0.6522,0.6461
11/14/23,0.6502,N/A,0.6506,0.6509,0.6483
11/13/23,0.6371,N/A,0.638,0.6385,0.6367
11/12/23,0.636,N/A,0.6364,0.6369,0.6352
11/10/23,0.6361,N/A,0.6365,0.6373,0.6339
11/9/23,0.636,N/A,0.636,0.6373,0.6352
11/8/23,0.6415,N/A,0.6401,0.6418,0.6399
11/7/23,0.644,N/A,0.6435,0.645,0.6422
11/6/23,0.6438,N/A,0.6488,0.6502,0.6434
11/5/23,0.6512,N/A,0.6511,0.652,0.6505
11/3/23,0.6513,N/A,0.6434,0.6519,0.642
11/2/23,0.643,N/A,0.6434,0.6439,0.642
11/1/23,0.6431,N/A,0.6392,0.6439,0.6389
10/31/23,0.6337,N/A,0.6336,0.6343,0.6318
10/30/23,0.6348,N/A,0.6374,0.6377,0.6344
10/29/23,0.6356,N/A,0.6334,0.636,0.6332
10/27/23,0.6335,N/A,0.6321,0.6368,0.632
10/26/23,0.6339,N/A,0.6321,0.6343,0.632
10/25/23,0.6278,N/A,0.6278,0.6316,0.627
10/24/23,0.6379,N/A,0.6355,0.64,0.6351
10/23/23,0.6358,N/A,0.6335,0.6363,0.6331
10/22/23,0.6314,N/A,0.6312,0.6323,0.6308
10/20/23,0.6314,N/A,0.6328,0.6332,0.6298
10/19/23,0.632,N/A,0.6328,0.6332,0.6305
10/18/23,0.6299,N/A,0.6299,0.6341,0.6296
10/17/23,0.6374,N/A,0.6363,0.6382,0.6351
10/16/23,0.6353,N/A,0.634,0.6367,0.6334
10/15/23,0.6321,N/A,0.6291,0.6327,0.63
10/13/23,0.6295,N/A,0.6314,0.6334,0.6287
10/12/23,0.6329,N/A,0.6314,0.6334,0.631
10/11/23,0.6418,N/A,0.6413,0.6428,0.6406
10/10/23,0.6423,N/A,0.6423,0.6446,0.642
10/9/23,0.6417,N/A,0.641,0.6433,0.6409
10/8/23,0.6353,N/A,0.6383,0.6381,0.6344
10/6/23,0.6384,N/A,0.6369,0.6401,0.6312
10/5/23,0.6373,N/A,0.6369,0.6382,0.6364
10/4/23,0.6378,N/A,0.6323,0.6378,0.6318
10/3/23,0.6297,N/A,0.6301,0.6316,0.6287
10/2/23,0.6347,N/A,0.6362,0.6371,0.6337
10/1/23,0.6412,N/A,0.6434,0.6446,0.6411
9/29/23,0.6437,N/A,0.6423,0.6502,0.642
9/28/23,0.6458,N/A,0.6423,0.6461,0.642
9/27/23,0.6376,N/A,0.6376,0.6376,0.6344
9/26/23,0.6383,N/A,0.6396,0.641,0.6381
9/25/23,0.6419,N/A,0.6423,0.6431,0.6415
9/24/23,0.6426,N/A,0.6441,0.6449,0.6422
9/22/23,0.6442,N/A,0.6417,0.6465,0.6403
9/21/23,0.6422,N/A,0.6417,0.6425,0.6403
9/20/23,0.6411,N/A,0.6445,0.6455,0.6404
9/19/23,0.645,N/A,0.6454,0.6466,0.6449
9/18/23,0.6435,N/A,0.6435,0.6449,0.6429
9/17/23,0.6439,N/A,0.6432,0.6446,0.6427
9/15/23,0.6431,N/A,0.6439,0.6474,0.6424
9/14/23,0.6464,N/A,0.6439,0.6468,0.643
9/13/23,0.6439,N/A,0.6421,0.6454,0.6415
9/12/23,0.6405,N/A,0.6424,0.6433,0.6399
9/11/23,0.6438,N/A,0.6431,0.6442,0.6416
9/10/23,0.6417,N/A,0.6375,0.6422,0.6377
9/8/23,0.6378,N/A,0.6376,0.6415,0.6368
9/7/23,0.6387,N/A,0.6376,0.6396,0.6368
9/6/23,0.6373,N/A,0.6382,0.6385,0.6365
9/5/23,0.6381,N/A,0.6377,0.6382,0.6357
9/4/23,0.643,N/A,0.643,0.6465,0.6421
9/3/23,0.6466,N/A,0.645,0.6475,0.6442
9/1/23,0.645,N/A,0.6483,0.6522,0.6439
8/31/23,0.647,N/A,0.6483,0.6501,0.6467
8/30/23,0.6487,N/A,0.6476,0.6508,0.6471
8/29/23,0.6471,N/A,0.6482,0.6483,0.645
8/28/23,0.6448,N/A,0.6429,0.6454,0.6423
8/27/23,0.643,N/A,0.64,0.644,0.6405
8/25/23,0.6402,N/A,0.6419,0.6442,0.6381
8/24/23,0.6409,N/A,0.6419,0.6421,0.6405
8/23/23,0.6482,N/A,0.6476,0.6489,0.6468
8/22/23,0.6437,N/A,0.6421,0.6452,0.6421
8/21/23,0.6425,N/A,0.6412,0.643,0.6403
8/20/23,0.6403,N/A,0.6403,0.6419,0.6394
8/18/23,0.6404,N/A,0.6403,0.643,0.638
8/17/23,0.6403,N/A,0.6403,0.643,0.6399
8/16/23,0.6383,N/A,0.6423,0.6429,0.6365
8/15/23,0.6452,N/A,0.6454,0.6461,0.6428
8/14/23,0.6505,N/A,0.6484,0.6512,0.6462
8/13/23,0.6466,N/A,0.6498,0.65,0.6457
8/11/23,0.6496,N/A,0.6513,0.6533,0.6486
8/10/23,0.6523,N/A,0.6513,0.6533,0.651
8/9/23,0.6541,N/A,0.6526,0.6546,0.6524
8/8/23,0.6555,N/A,0.6543,0.6564,0.6528
8/7/23,0.6551,N/A,0.6572,0.6576,0.6536
8/6/23,0.6585,N/A,0.6569,0.6593,0.6568
8/4/23,0.6569,N/A,0.6552,0.661,0.6542
8/3/23,0.6572,N/A,0.6552,0.6587,0.6542
8/2/23,0.6533,N/A,0.6538,0.6555,0.6528
8/1/23,0.6594,N/A,0.6611,0.6631,0.6586
7/31/23,0.6694,N/A,0.672,0.6724,0.669
7/30/23,0.6674,N/A,0.6674,0.6682,0.6649
7/28/23,0.6649,N/A,0.6706,0.6714,0.6622
7/27/23,0.6666,N/A,0.6706,0.6714,0.6655
7/26/23,0.6805,N/A,0.6756,0.682,0.6755
7/25/23,0.6762,N/A,0.6762,0.6804,0.6734
7/24/23,0.6764,N/A,0.6739,0.6771,0.6725
7/23/23,0.6734,N/A,0.6727,0.6741,0.6715
7/21/23,0.6729,N/A,0.6779,0.6788,0.6722
7/20/23,0.6775,N/A,0.6779,0.6784,0.6759
7/19/23,0.6833,N/A,0.6774,0.6841,0.6765
7/18/23,0.6785,N/A,0.6785,0.6821,0.6783
7/17/23,0.6831,N/A,0.6815,0.6837,0.6807
7/16/23,0.6808,N/A,0.6837,0.6843,0.6806
7/14/23,0.6839,N/A,0.6887,0.6895,0.683
7/13/23,0.6892,N/A,0.6887,0.6895,0.6875
7/12/23,0.6811,N/A,0.6811,0.6815,0.6782
7/11/23,0.6721,N/A,0.6686,0.6742,0.6681
7/10/23,0.6687,N/A,0.6675,0.6693,0.6671
7/9/23,0.6667,N/A,0.6688,0.6697,0.6663
7/7/23,0.6694,N/A,0.6625,0.6701,0.6618
7/6/23,0.6631,N/A,0.6625,0.6636,0.6618
7/5/23,0.6661,N/A,0.6654,0.6673,0.6651
7/4/23,0.6686,N/A,0.6691,0.6699,0.6679
7/3/23,0.6679,N/A,0.667,0.6684,0.6667
7/2/23,0.6661,N/A,0.6666,0.6667,0.6637
6/30/23,0.6663,N/A,0.6614,0.6672,0.6603
6/29/23,0.6631,N/A,0.6614,0.6634,0.6603
6/28/23,0.6607,N/A,0.6599,0.6628,0.6595
6/27/23,0.6643,N/A,0.6684,0.669,0.662
6/26/23,0.6717,N/A,0.667,0.6721,0.6668
6/25/23,0.6689,N/A,0.6689,0.6694,0.667
6/23/23,0.6676,N/A,0.6676,0.6767,0.6663
6/22/23,0.670835,N/A,0.670835,0.6767,0.6704
6/21/23,0.679,N/A,0.679,0.6807,0.6774
6/20/23,0.6789,N/A,0.6789,0.68,0.6777
6/19/23,0.6807,N/A,0.6807,0.6855,0.6798
6/18/23,0.6837,N/A,0.6837,0.6887,0.6834
6/16/23,0.687755,N/A,0.687755,0.69,0.6855
6/15/23,0.6872,N/A,0.6872,0.6888,0.6867
6/14/23,0.6794,N/A,0.6794,0.6808,0.6768
6/13/23,0.6775,N/A,0.6775,0.6784,0.6763
6/12/23,0.676505,N/A,0.676505,0.6767,0.6739
6/11/23,0.6743,N/A,0.6743,0.6751,0.6732
6/9/23,0.6742,N/A,0.6742,0.6751,0.6693
6/8/23,0.670285,N/A,0.670285,0.6718,0.6702
6/7/23,0.6665,N/A,0.6665,0.6673,0.6652
6/6/23,0.667515,N/A,0.667515,0.669,0.6661
6/5/23,0.6617,N/A,0.6617,0.6625,0.661
6/4/23,0.660625,N/A,0.660625,0.6618,0.6587
6/2/23,0.6606,N/A,0.6606,0.6639,0.6565
6/1/23,0.6615,N/A,0.6615,0.6616,0.6565
5/31/23,0.65149,N/A,0.65149,0.6516,0.6484
5/30/23,0.6495,N/A,0.6495,0.654,0.649
5/29/23,0.6513,N/A,0.6513,0.656,0.6511
5/28/23,0.6529,N/A,0.6529,0.6544,0.652
5/26/23,0.6518,N/A,0.6518,0.6544,0.649
5/25/23,0.650915,N/A,0.650915,0.6523,0.649
5/24/23,0.652615,N/A,0.652615,0.6549,0.6523
5/23/23,0.66009,N/A,0.66009,0.6622,0.6585
5/22/23,0.6657,N/A,0.6657,0.6663,0.6641
5/21/23,0.66514,N/A,0.66514,0.6668,0.6644
5/19/23,0.66504,N/A,0.66504,0.6675,0.6617
5/18/23,0.6638,N/A,0.6638,0.6642,0.6617
5/17/23,0.665215,N/A,0.665215,0.6668,0.6632
5/16/23,0.666225,N/A,0.666225,0.6671,0.6645
5/15/23,0.66945,N/A,0.66945,0.671,0.6681
5/14/23,0.6661,N/A,0.6646,0.6665,0.6642
5/12/23,0.6643,N/A,0.6701,0.6796,0.6636
5/11/23,0.6693,N/A,0.6701,0.6796,0.6686
5/10/23,0.6773,N/A,0.6778,0.6796,0.6767
5/9/23,0.6767,N/A,0.676,0.677,0.6759
5/8/23,0.678,N/A,0.6782,0.6783,0.677
5/7/23,0.6769,N/A,0.6748,0.677,0.674
5/5/23,0.6752,N/A,0.6693,0.6757,0.6692
5/4/23,0.6734,N/A,0.6693,0.6736,0.6692
5/3/23,0.6688,N/A,0.6669,0.6694,0.664
5/2/23,0.6667,N/A,0.6661,0.6676,0.6655
5/1/23,0.6631,N/A,0.663,0.6642,0.6621
4/30/23,0.6636,N/A,0.6607,0.6636,0.6608
4/28/23,0.6616,N/A,0.6629,0.6643,0.6573
4/27/23,0.6626,N/A,0.6629,0.6643,0.6623
4/26/23,0.6609,N/A,0.6598,0.6614,0.6598
4/25/23,0.6613,N/A,0.6625,0.6639,0.6612
4/24/23,0.6681,N/A,0.6696,0.6706,0.6678
4/23/23,0.6682,N/A,0.669,0.6699,0.6677
4/21/23,0.6694,N/A,0.674,0.6747,0.6678
4/20/23,0.6716,N/A,0.674,0.6747,0.6715
4/19/23,0.6705,N/A,0.6713,0.6721,0.6697
4/18/23,0.6729,N/A,0.6722,0.6741,0.6716
4/17/23,0.6715,N/A,0.67,0.6725,0.6697
4/16/23,0.6707,N/A,0.6708,0.6714,0.669
4/14/23,0.6709,N/A,0.6781,0.6806,0.6695
4/13/23,0.6787,N/A,0.6781,0.6794,0.678
4/12/23,0.6709,N/A,0.6688,0.6721,0.6685
4/11/23,0.6663,N/A,0.665,0.6665,0.6649
4/10/23,0.6669,N/A,0.6637,0.6674,0.6634
4/9/23,0.6663,N/A,0.6668,0.6675,0.6657
4/7/23,0.6672,N/A,0.6671,0.6691,0.6641
4/6/23,0.6681,N/A,0.6671,0.6683,0.6667
4/5/23,0.6703,N/A,0.6718,0.6726,0.6695
4/4/23,0.6752,N/A,0.6751,0.6779,0.6751
4/3/23,0.6779,N/A,0.6785,0.6794,0.6774
4/2/23,0.6666,N/A,0.6685,0.6695,0.6651
3/31/23,0.6685,N/A,0.6707,0.6738,0.6671
3/30/23,0.6717,N/A,0.6707,0.6738,0.6706
3/29/23,0.6679,N/A,0.6683,0.6687,0.6661
3/28/23,0.6697,N/A,0.6709,0.6713,0.6688
3/27/23,0.6692,N/A,0.6649,0.6695,0.6646
3/26/23,0.6657,N/A,0.6645,0.6662,0.6637
3/24/23,0.6644,N/A,0.6683,0.6694,0.6625
3/23/23,0.6679,N/A,0.6683,0.669,0.666
3/22/23,0.6732,N/A,0.6682,0.6735,0.668
3/21/23,0.6693,N/A,0.6668,0.6693,0.6661
3/20/23,0.6694,N/A,0.6718,0.6726,0.669
3/19/23,0.6691,N/A,0.6695,0.673,0.669
3/17/23,0.67,N/A,0.6654,0.6725,0.665
3/16/23,0.6704,N/A,0.6654,0.6711,0.665
3/15/23,0.6624,N/A,0.6615,0.6643,0.6609
3/14/23,0.6699,N/A,0.6679,0.6712,0.6676
3/13/23,0.6646,N/A,0.6664,0.6672,0.6632
3/12/23,0.6664,N/A,0.6577,0.6672,0.6564
3/10/23,0.6581,N/A,0.659,0.664,0.6564
3/9/23,0.6597,N/A,0.659,0.6597,0.6564
3/8/23,0.6609,N/A,0.6586,0.6609,0.6576
3/7/23,0.6582,N/A,0.6582,0.6596,0.6568
3/6/23,0.6716,N/A,0.6727,0.6748,0.6696
3/5/23,0.6757,N/A,0.6768,0.677,0.6741
3/3/23,0.6769,N/A,0.6729,0.6775,0.6724
3/2/23,0.6742,N/A,0.6729,0.6753,0.6724
3/1/23,0.6745,N/A,0.6761,0.6766,0.6729
2/28/23,0.6748,N/A,0.6728,0.6755,0.6695
2/27/23,0.6727,N/A,0.6734,0.6751,0.6726
2/26/23,0.6705,N/A,0.6725,0.6742,0.6705
2/24/23,0.6726,N/A,0.6807,0.6824,0.6719
2/23/23,0.6813,N/A,0.6807,0.6824,0.6804
2/22/23,0.6831,N/A,0.6803,0.6841,0.6802
2/21/23,0.6837,N/A,0.6852,0.6865,0.683
2/20/23,0.6894,N/A,0.6905,0.6919,0.6891
2/19/23,0.6894,N/A,0.6879,0.6901,0.6862
2/17/23,0.6878,N/A,0.6876,0.6885,0.6812
2/16/23,0.6836,N/A,0.6876,0.6882,0.6833
2/15/23,0.6912,N/A,0.6985,0.699,0.6895
2/14/23,0.6934,N/A,0.6985,0.699,0.6933
2/13/23,0.6974,N/A,0.6965,0.6974,0.6949
2/12/23,0.6909,N/A,0.6916,0.6923,0.6891
2/10/23,0.6919,N/A,0.6935,0.696,0.6909
2/9/23,0.6913,N/A,0.6935,0.6949,0.6911
2/8/23,0.6954,N/A,0.6924,0.6959,0.6922
2/7/23,0.696,N/A,0.6958,0.6971,0.6948
2/6/23,0.6928,N/A,0.6881,0.6952,0.6883
2/3/23,0.6923,N/A,0.7076,0.7083,0.6919
2/2/23,0.7059,N/A,0.7076,0.7083,0.7049
2/1/23,0.7149,N/A,0.7135,0.7158,0.7128
1/31/23,0.7068,N/A,0.7054,0.7074,0.7036
1/30/23,0.7032,N/A,0.7059,0.7066,0.7026
1/27/23,0.7109,N/A,0.7114,0.7129,0.7082
1/26/23,0.7106,N/A,0.7114,0.7129,0.7103
1/25/23,0.7119,N/A,0.7102,0.7122,0.7092
1/24/23,0.7103,N/A,0.7047,0.7108,0.7032
1/23/23,0.7029,N/A,0.7028,0.7046,0.702
1/22/23,0.6979,N/A,0.6966,0.6995,0.6958
1/20/23,0.6967,N/A,0.6909,0.6974,0.6906
1/19/23,0.6918,N/A,0.6909,0.6933,0.6906
1/18/23,0.6905,N/A,0.6941,0.6949,0.6894
1/17/23,0.6995,N/A,0.6987,0.7003,0.6974
1/16/23,0.6968,N/A,0.6954,0.6978,0.6951
1/15/23,0.6995,N/A,0.6976,0.702,0.6968
1/13/23,0.6977,N/A,0.6972,0.6995,0.6916
1/12/23,0.6953,N/A,0.6972,0.6984,0.6945
1/11/23,0.692,N/A,0.6899,0.6922,0.6898
1/10/23,0.6908,N/A,0.6887,0.6914,0.6884
1/9/23,0.6908,N/A,0.6911,0.6928,0.6892
1/8/23,0.6928,N/A,0.6875,0.6931,0.6876
1/6/23,0.6875,N/A,0.6749,0.6888,0.6722
1/5/23,0.677,N/A,0.6749,0.6788,0.675
1/4/23,0.6815,N/A,0.6832,0.6845,0.6801
1/3/23,0.6777,N/A,0.6733,0.6785,0.6717
1/2/23,0.6831,N/A,0.6802,0.6835,0.6773
1/1/23,0.6808,N/A,0.6813,0.6823,0.6796
12/30/22,0.6817,N/A,0.6778,0.6822,0.6755
12/29/22,0.6768,N/A,0.6778,0.6784,0.6755
12/28/22,0.675,N/A,0.6736,0.6755,0.6734
12/27/22,0.6743,N/A,0.6729,0.6751,0.6719
12/26/22,0.6743,N/A,0.6726,0.6757,0.6723
12/25/22,0.6721,N/A,0.6717,0.6723,0.6685
12/23/22,0.6714,N/A,0.6666,0.6726,0.6661
12/22/22,0.6681,N/A,0.6666,0.6694,0.6661
12/21/22,0.6763,N/A,0.6706,0.6765,0.6703
12/20/22,0.6666,N/A,0.6677,0.6697,0.6657
12/19/22,0.6649,N/A,0.6699,0.6743,0.6644
12/18/22,0.6714,N/A,0.6684,0.6724,0.6683
12/16/22,0.6686,N/A,0.6701,0.6736,0.6676
12/15/22,0.6706,N/A,0.6701,0.6736,0.67
12/14/22,0.6829,N/A,0.6863,0.687,0.6827
12/13/22,0.6829,N/A,0.6853,0.6864,0.6822
12/12/22,0.6754,N/A,0.6745,0.6774,0.674
12/11/22,0.678,N/A,0.6795,0.6804,0.6757
12/9/22,0.6798,N/A,0.6768,0.6813,0.6747
12/8/22,0.6793,N/A,0.6768,0.6801,0.6763
12/7/22,0.6713,N/A,0.6721,0.6731,0.6698
12/6/22,0.6689,N/A,0.6692,0.6716,0.6685
12/5/22,0.6733,N/A,0.6696,0.6738,0.6693
12/4/22,0.6843,N/A,0.6789,0.6851,0.6781
12/2/22,0.6794,N/A,0.6809,0.6837,0.6744
12/1/22,0.681,N/A,0.6809,0.6818,0.6794
11/30/22,0.6807,N/A,0.6786,0.6816,0.6782
11/29/22,0.67,N/A,0.6686,0.6704,0.6671
11/28/22,0.6708,N/A,0.6648,0.671,0.664
11/27/22,0.6692,N/A,0.6749,0.6732,0.6665
11/25/22,0.6754,N/A,0.6763,0.678,0.6721
11/24/22,0.6772,N/A,0.6763,0.678,0.6752
11/23/22,0.6765,N/A,0.6731,0.6769,0.6726
11/22/22,0.6639,N/A,0.6648,0.666,0.6634
11/21/22,0.6623,N/A,0.6605,0.6625,0.66
11/18/22,0.6674,N/A,0.6681,0.673,0.6662
11/17/22,0.669,N/A,0.6681,0.6692,0.6679
11/16/22,0.6738,N/A,0.674,0.6745,0.6732
11/15/22,0.6747,N/A,0.6756,0.6772,0.6732
11/14/22,0.6697,N/A,0.6696,0.6711,0.6686
11/13/22,0.668,N/A,0.6702,0.671,0.6672
11/11/22,0.6706,N/A,0.6617,0.6717,0.6579
11/10/22,0.6618,N/A,0.6617,0.6621,0.6579
11/9/22,0.6417,N/A,0.643,0.6442,0.6412
11/8/22,0.6496,N/A,0.6503,0.6518,0.6485
11/7/22,0.6466,N/A,0.6478,0.6491,0.6461
11/6/22,0.643,N/A,0.6466,0.6449,0.6407
11/4/22,0.6469,N/A,0.6287,0.6483,0.6285
11/3/22,0.633,N/A,0.6287,0.6334,0.6285
11/2/22,0.6362,N/A,0.6349,0.6367,0.6325
11/1/22,0.642,N/A,0.6395,0.6428,0.6385
10/31/22,0.6417,N/A,0.6397,0.6447,0.6391
10/30/22,0.6423,N/A,0.6411,0.6425,0.6395
10/28/22,0.6413,N/A,0.6449,0.6479,0.6389
10/27/22,0.6466,N/A,0.6449,0.6477,0.6442
10/26/22,0.6498,N/A,0.6497,0.6502,0.6475
10/25/22,0.6405,N/A,0.6394,0.6406,0.6373
10/24/22,0.6331,N/A,0.631,0.6342,0.6304
10/23/22,0.633,N/A,0.6377,0.6411,0.6324
10/21/22,0.638,N/A,0.6275,0.6393,0.6211
10/20/22,0.6266,N/A,0.6275,0.6285,0.6262
10/19/22,0.6233,N/A,0.627,0.6276,0.6229
10/18/22,0.6322,N/A,0.6309,0.6325,0.6308
10/17/22,0.6303,N/A,0.629,0.6313,0.6278
10/16/22,0.6234,N/A,0.6196,0.6237,0.6203
10/14/22,0.6204,N/A,0.6298,0.6347,0.6194
10/13/22,0.6334,N/A,0.6298,0.6343,0.6289
10/12/22,0.6275,N/A,0.6276,0.6298,0.6236
10/11/22,0.6255,N/A,0.627,0.6278,0.624
10/10/22,0.6263,N/A,0.6303,0.6306,0.626
10/9/22,0.6347,N/A,0.6368,0.638,0.6343
10/7/22,0.6366,N/A,0.6402,0.6432,0.6354
10/6/22,0.6422,N/A,0.6402,0.6432,0.6403
10/5/22,0.6527,N/A,0.6486,0.654,0.6485
10/4/22,0.6495,N/A,0.65,0.6526,0.6473
10/3/22,0.649,N/A,0.6516,0.6518,0.6454
10/2/22,0.6431,N/A,0.6402,0.6449,0.6403
9/30/22,0.6399,N/A,0.6499,0.6522,0.639
9/29/22,0.649,N/A,0.6499,0.6518,0.6482
9/28/22,0.6488,N/A,0.6522,0.6526,0.6471
9/27/22,0.6405,N/A,0.6434,0.6445,0.6389
9/26/22,0.6483,N/A,0.6454,0.6494,0.6452
9/25/22,0.6505,N/A,0.6527,0.6538,0.6491
9/23/22,0.6532,N/A,0.6643,0.6656,0.6512
9/22/22,0.6618,N/A,0.6643,0.6656,0.6618
9/21/22,0.6594,N/A,0.6628,0.6636,0.6583
9/20/22,0.668,N/A,0.6691,0.6704,0.6673
9/19/22,0.6733,N/A,0.6727,0.6747,0.6713
9/18/22,0.6705,N/A,0.672,0.6734,0.67
9/16/22,0.6723,N/A,0.6702,0.6725,0.667
9/15/22,0.6712,N/A,0.6702,0.6722,0.6685
9/14/22,0.6762,N/A,0.6748,0.677,0.674
9/13/22,0.6727,N/A,0.673,0.6748,0.6726
9/12/22,0.6873,N/A,0.6887,0.6899,0.6863
9/11/22,0.6835,N/A,0.6841,0.6852,0.6825
9/9/22,0.6845,N/A,0.6751,0.6877,0.6747
9/8/22,0.6823,N/A,0.6751,0.6823,0.6747
9/7/22,0.6715,N/A,0.6769,0.6773,0.6714
9/6/22,0.6705,N/A,0.6735,0.6739,0.67
9/5/22,0.68,N/A,0.6795,0.6833,0.6794
9/4/22,0.6792,N/A,0.6808,0.6802,0.6774
9/2/22,0.6812,N/A,0.6785,0.6855,0.678
9/1/22,0.6789,N/A,0.6785,0.6801,0.6782
8/31/22,0.6802,N/A,0.6839,0.6847,0.6798
8/30/22,0.6874,N/A,0.6851,0.6877,0.6851
8/29/22,0.6884,N/A,0.6903,0.6917,0.6873
8/28/22,0.6861,N/A,0.689,0.6888,0.6849
8/26/22,0.6892,N/A,0.698,0.7009,0.6888
8/25/22,0.6963,N/A,0.6906,0.6963,0.69
8/24/22,0.6941,N/A,0.6906,0.6948,0.69
8/23/22,0.6896,N/A,0.693,0.6934,0.6895
8/22/22,0.6898,N/A,0.6875,0.69,0.6873
8/19/22,0.6877,N/A,0.6918,0.6921,0.6859
8/18/22,0.6915,N/A,0.6918,0.6921,0.6888
8/17/22,0.6921,N/A,0.6932,0.6951,0.6918
8/16/22,0.7001,N/A,0.7022,0.7028,0.6988
8/15/22,0.702,N/A,0.7022,0.7038,0.7
8/14/22,0.7101,N/A,0.7121,0.7125,0.7095
8/12/22,0.7123,N/A,0.7105,0.7128,0.7085
8/11/22,0.7111,N/A,0.7105,0.7111,0.7089
8/10/22,0.7071,N/A,0.7077,0.7088,0.7063
8/9/22,0.6961,N/A,0.6964,0.697,0.6947
8/8/22,0.699,N/A,0.6988,0.6994,0.697
8/7/22,0.6927,N/A,0.6909,0.6932,0.6898
8/5/22,0.6913,N/A,0.6968,0.6976,0.687
8/4/22,0.6965,N/A,0.6968,0.6974,0.6953
8/3/22,0.6953,N/A,0.6943,0.6963,0.6937
8/2/22,0.6928,N/A,0.6919,0.6931,0.6887
8/1/22,0.7016,N/A,0.7023,0.7034,0.7007
7/31/22,0.6984,N/A,0.6985,0.7,0.6968
7/29/22,0.6992,N/A,0.6985,0.7032,0.6911
7/28/22,0.7003,N/A,0.6985,0.7005,0.6986
7/27/22,0.699,N/A,0.699,0.7003,0.6981
7/26/22,0.6922,N/A,0.6938,0.6958,0.6913
7/25/22,0.6961,N/A,0.6953,0.6983,0.6949
7/24/22,0.6908,N/A,0.6925,0.6931,0.6882
7/22/22,0.6925,N/A,0.6929,0.6977,0.6894
7/21/22,0.6912,N/A,0.6929,0.6938,0.6906
7/20/22,0.6892,N/A,0.6885,0.6899,0.688
7/19/22,0.6913,N/A,0.6895,0.692,0.6893
7/18/22,0.6837,N/A,0.6812,0.6838,0.6803
7/17/22,0.6809,N/A,0.6792,0.6819,0.6787
7/15/22,0.6793,N/A,0.6747,0.6806,0.6719
7/14/22,0.6743,N/A,0.6747,0.6765,0.6737
7/13/22,0.6781,N/A,0.676,0.6786,0.6731
7/12/22,0.6769,N/A,0.6756,0.6779,0.6742
7/11/22,0.6726,N/A,0.673,0.6746,0.6716
7/10/22,0.682,N/A,0.6856,0.6857,0.6816
7/8/22,0.6857,N/A,0.6837,0.6875,0.6793
7/7/22,0.6829,N/A,0.6837,0.6862,0.6822
7/6/22,0.6816,N/A,0.6775,0.6821,0.6765
7/5/22,0.6808,N/A,0.6802,0.6819,0.6788
7/1/22,0.6816,N/A,0.6901,0.6905,0.6764
6/30/22,0.6833,N/A,0.6901,0.6905,0.6825
6/29/22,0.6892,N/A,0.6881,0.6903,0.6854
6/28/22,0.6906,N/A,0.6906,0.692,0.6898
6/27/22,0.6933,N/A,0.6923,0.6938,0.6916
6/26/22,0.6915,N/A,0.6948,0.6959,0.6907
6/24/22,0.6944,N/A,0.6889,0.6958,0.6887
6/23/22,0.6903,N/A,0.6889,0.6912,0.6887
6/22/22,0.6888,N/A,0.6926,0.6928,0.6883
6/21/22,0.6926,N/A,0.697,0.6973,0.6916
6/20/22,0.6976,N/A,0.6948,0.6983,0.6948
6/19/22,0.6955,N/A,0.693,0.696,0.6921
6/17/22,0.6936,N/A,0.7044,0.7053,0.6898
6/16/22,0.7018,N/A,0.7044,0.7053,0.7017
6/15/22,0.7018,N/A,0.7002,0.7035,0.6993
6/14/22,0.6913,N/A,0.6868,0.6919,0.6865
6/13/22,0.696,N/A,0.6923,0.705,0.6912
6/12/22,0.7024,N/A,0.7051,0.705,0.7001
6/10/22,0.7045,N/A,0.7097,0.7139,0.7038
6/9/22,0.7102,N/A,0.7097,0.7107,0.7085
6/8/22,0.7185,N/A,0.7192,0.7197,0.7161
6/7/22,0.7201,N/A,0.7227,0.7236,0.7197
6/6/22,0.7175,N/A,0.7191,0.7196,0.716
6/5/22,0.7195,N/A,0.7206,0.7219,0.7189
6/3/22,0.7208,N/A,0.7264,0.7283,0.7202
6/2/22,0.7259,N/A,0.7264,0.7283,0.7254
6/1/22,0.7165,N/A,0.7175,0.7182,0.7159
5/31/22,0.7184,N/A,0.7173,0.7196,0.7172
5/30/22,0.7181,N/A,0.716,0.7194,0.7153
5/29/22,0.718,N/A,0.716,0.7189,0.7153
5/27/22,0.7159,N/A,0.7098,0.7167,0.7089
5/26/22,0.7138,N/A,0.7098,0.7145,0.7089
5/25/22,0.7088,N/A,0.7093,0.711,0.7075
5/24/22,0.7116,N/A,0.7103,0.7119,0.7084
5/23/22,0.7084,N/A,0.7106,0.711,0.7066
5/22/22,0.7088,N/A,0.7033,0.7098,0.7044
5/20/22,0.7042,N/A,0.7047,0.7074,0.7003
5/19/22,0.7008,N/A,0.7047,0.7054,0.7008
5/18/22,0.7007,N/A,0.6953,0.7016,0.6952
5/17/22,0.7,N/A,0.7029,0.7047,0.6996
5/16/22,0.7,N/A,0.697,0.701,0.6967
5/15/22,0.6884,N/A,0.6939,0.6959,0.6874
5/13/22,0.6938,N/A,0.6854,0.6941,0.6854
5/12/22,0.6886,N/A,0.6854,0.6892,0.6854
5/11/22,0.6924,N/A,0.6937,0.6953,0.6905
5/10/22,0.6957,N/A,0.6935,0.6961,0.6929
5/9/22,0.6963,N/A,0.6955,0.6967,0.6911
5/8/22,0.7012,N/A,0.7077,0.7074,0.7004
5/6/22,0.7077,N/A,0.7111,0.7135,0.7059
5/5/22,0.7114,N/A,0.7111,0.7132,0.7082
5/4/22,0.7242,N/A,0.7262,0.7266,0.7236
5/3/22,0.7111,N/A,0.7094,0.7119,0.7089
5/2/22,0.7091,N/A,0.7046,0.71,0.7047
5/1/22,0.7051,N/A,0.7063,0.7082,0.7032
4/29/22,0.7062,N/A,0.7092,0.718,0.7058
4/28/22,0.713,N/A,0.7092,0.7139,0.7093
4/27/22,0.7096,N/A,0.7126,0.7128,0.7096
4/26/22,0.7159,N/A,0.7121,0.7172,0.7119
4/25/22,0.7215,N/A,0.7177,0.7229,0.7169
4/24/22,0.7188,N/A,0.7238,0.7257,0.7175
4/22/22,0.7245,N/A,0.7371,0.7379,0.7235
4/21/22,0.7343,N/A,0.7371,0.7379,0.7333
4/20/22,0.7425,N/A,0.745,0.7455,0.7424
4/19/22,0.7411,N/A,0.737,0.7415,0.7373
4/18/22,0.7367,N/A,0.7346,0.7369,0.7345
4/15/22,0.7394,N/A,0.7418,0.7424,0.7391
4/14/22,0.7401,N/A,0.7418,0.7424,0.7399
4/13/22,0.7458,N/A,0.7448,0.7469,0.7445
4/12/22,0.7462,N/A,0.7459,0.7475,0.7442
4/11/22,0.7427,N/A,0.7419,0.7427,0.74
4/10/22,0.7435,N/A,0.7455,0.7466,0.7418
4/8/22,0.7459,N/A,0.7479,0.7493,0.7426
4/7/22,0.7479,N/A,0.7479,0.7487,0.7473
4/6/22,0.7485,N/A,0.7513,0.752,0.748
4/5/22,0.7574,N/A,0.7579,0.7593,0.7562
4/4/22,0.7539,N/A,0.7542,0.7548,0.7536
4/3/22,0.7512,N/A,0.7499,0.7516,0.7483
4/1/22,0.7502,N/A,0.748,0.7525,0.7473
3/31/22,0.7487,N/A,0.748,0.75,0.7474
3/30/22,0.7487,N/A,0.7509,0.752,0.7484
3/29/22,0.7517,N/A,0.7506,0.7524,0.7505
3/28/22,0.748,N/A,0.7487,0.7508,0.7474
3/27/22,0.7525,N/A,0.7512,0.7525,0.7499
3/25/22,0.7515,N/A,0.7512,0.7537,0.7495
3/24/22,0.752,N/A,0.7512,0.7526,0.7502
3/23/22,0.7487,N/A,0.7497,0.7502,0.7483
3/22/22,0.7457,N/A,0.7467,0.7477,0.7451
3/21/22,0.7401,N/A,0.74,0.7403,0.7376
3/20/22,0.7402,N/A,0.7415,0.7425,0.7397
3/18/22,0.7414,N/A,0.7374,0.7419,0.7361
3/17/22,0.7376,N/A,0.7374,0.7394,0.7371
3/16/22,0.7312,N/A,0.7289,0.7321,0.7282
3/15/22,0.7199,N/A,0.7196,0.7211,0.7181
3/14/22,0.7187,N/A,0.7187,0.7207,0.7166
3/13/22,0.7252,N/A,0.729,0.7299,0.7251
3/11/22,0.729,N/A,0.7357,0.7368,0.7283
3/10/22,0.7337,N/A,0.7357,0.7368,0.7335
3/9/22,0.7321,N/A,0.7322,0.7326,0.7287
3/8/22,0.7285,N/A,0.7266,0.7286,0.7264
3/7/22,0.7313,N/A,0.7316,0.7348,0.731
3/6/22,0.7414,N/A,0.737,0.744,0.7356
3/3/22,0.7335,N/A,0.7329,0.7338,0.7325
3/2/22,0.7302,N/A,0.7296,0.7303,0.7276
3/1/22,0.727,N/A,0.7248,0.7283,0.725
2/28/22,0.7258,N/A,0.7262,0.7268,0.7247
2/27/22,0.7177,N/A,0.7232,0.7194,0.7168
2/25/22,0.7232,N/A,0.7162,0.7238,0.7144
2/24/22,0.7191,N/A,0.7162,0.7198,0.7144
2/23/22,0.7187,N/A,0.7233,0.7235,0.7169
2/22/22,0.7228,N/A,0.7219,0.7241,0.7218
2/21/22,0.7192,N/A,0.719,0.7201,0.7172
2/20/22,0.7206,N/A,0.7173,0.7211,0.7168
2/18/22,0.7176,N/A,0.7183,0.7228,0.7165
2/17/22,0.7207,N/A,0.7183,0.721,0.7177
2/16/22,0.7174,N/A,0.7192,0.7216,0.715
2/15/22,0.7156,N/A,0.7151,0.7162,0.7143
2/14/22,0.7126,N/A,0.7125,0.714,0.7122
2/13/22,0.712,N/A,0.7135,0.715,0.7116
2/11/22,0.7135,N/A,0.7165,0.7185,0.7109
2/10/22,0.7113,N/A,0.7165,0.717,0.7113
2/9/22,0.7172,N/A,0.7178,0.7182,0.7161
2/8/22,0.7166,N/A,0.7145,0.7168,0.7142
2/7/22,0.7119,N/A,0.7125,0.7139,0.7119
2/6/22,0.7088,N/A,0.7076,0.709,0.7065
2/4/22,0.7075,N/A,0.714,0.7152,0.7052
2/3/22,0.7149,N/A,0.714,0.7152,0.7131
2/2/22,0.7124,N/A,0.7136,0.7139,0.7116
2/1/22,0.7134,N/A,0.7126,0.7146,0.7127
1/31/22,0.7058,N/A,0.7064,0.7074,0.7034
1/30/22,0.7008,N/A,0.6986,0.7017,0.6987
1/28/22,0.699,N/A,0.7031,0.7046,0.6968
1/27/22,0.7028,N/A,0.7031,0.7046,0.7028
1/26/22,0.7078,N/A,0.7114,0.7122,0.7073
1/25/22,0.7134,N/A,0.714,0.7175,0.7129
1/24/22,0.7131,N/A,0.714,0.7175,0.7129
1/23/22,0.718,N/A,0.7183,0.7188,0.7172
1/21/22,0.7177,N/A,0.7225,0.7232,0.7171
1/20/22,0.7188,N/A,0.7225,0.7232,0.7182
1/19/22,0.7237,N/A,0.721,0.7256,0.7208
1/18/22,0.719,N/A,0.7182,0.7196,0.7178
1/17/22,0.719,N/A,0.721,0.7228,0.7179
1/16/22,0.7209,N/A,0.7206,0.7224,0.7196
1/14/22,0.7214,N/A,0.7284,0.7294,0.7198
1/13/22,0.7279,N/A,0.7284,0.7285,0.7265
1/12/22,0.7291,N/A,0.7284,0.7291,0.7274
1/11/22,0.7219,N/A,0.7209,0.722,0.7205
1/10/22,0.7186,N/A,0.7168,0.7196,0.7168
1/9/22,0.717,N/A,0.7178,0.7188,0.7129
1/7/22,0.7181,N/A,0.716,0.7188,0.7129
1/6/22,0.7161,N/A,0.716,0.7178,0.7157
1/5/22,0.7177,N/A,0.7219,0.7223,0.7175
1/4/22,0.7233,N/A,0.7238,0.7245,0.7226
1/3/22,0.7212,N/A,0.7191,0.7215,0.7187
1/2/22,0.7248,N/A,0.726,0.7278,0.724
12/31/21,0.7269,N/A,0.7249,0.7277,0.7244
12/30/21,0.7256,N/A,0.7249,0.7258,0.7244
12/29/21,0.7258,N/A,0.7248,0.7268,0.7245
12/28/21,0.723,N/A,0.7228,0.7236,0.7213
12/27/21,0.7239,N/A,0.7234,0.7241,0.7229
12/26/21,0.7234,N/A,0.7223,0.7242,0.7222
12/24/21,0.7221,N/A,0.7242,0.7247,0.7218
12/23/21,0.7231,N/A,0.7242,0.7247,0.7227
12/22/21,0.7208,N/A,0.7213,0.7219,0.7196
12/21/21,0.7133,N/A,0.7154,0.7157,0.7127
12/20/21,0.711,N/A,0.7109,0.7121,0.7099
12/17/21,0.7126,N/A,0.7183,0.7186,0.7123
12/16/21,0.7166,N/A,0.7183,0.7186,0.7153
12/15/21,0.7157,N/A,0.7167,0.7181,0.7146
12/14/21,0.7113,N/A,0.7102,0.7113,0.7099
12/13/21,0.7103,N/A,0.7129,0.7135,0.709
12/12/21,0.7176,N/A,0.7171,0.7176,0.7159
12/10/21,0.7172,N/A,0.7149,0.7183,0.7132
12/9/21,0.7153,N/A,0.7149,0.7162,0.7132
12/8/21,0.7175,N/A,0.7171,0.7177,0.7158
12/7/21,0.7135,N/A,0.7118,0.7143,0.7115
12/6/21,0.7069,N/A,0.7049,0.7075,0.7039
12/5/21,0.7024,N/A,0.7001,0.7027,0.6997
12/3/21,0.6998,N/A,0.7093,0.71,0.6993
12/2/21,0.7074,N/A,0.7093,0.71,0.7063
12/1/21,0.7099,N/A,0.7104,0.712,0.7095
11/30/21,0.7167,N/A,0.7123,0.7168,0.7119
11/29/21,0.7143,N/A,0.714,0.7155,0.7134
11/28/21,0.714,N/A,0.7123,0.7147,0.7115
11/26/21,0.7124,N/A,0.719,0.72,0.7113
11/25/21,0.7141,N/A,0.719,0.72,0.7134
11/24/21,0.7203,N/A,0.7195,0.721,0.7192
11/23/21,0.7204,N/A,0.7227,0.7229,0.72
11/22/21,0.722,N/A,0.7223,0.7237,0.7217
11/21/21,0.7255,N/A,0.7234,0.7256,0.7228
11/19/21,0.7233,N/A,0.7279,0.7292,0.7227
11/18/21,0.7278,N/A,0.7279,0.7283,0.7268
11/17/21,0.7274,N/A,0.7266,0.7277,0.7252
11/16/21,0.7282,N/A,0.7302,0.7306,0.7263
11/15/21,0.7353,N/A,0.7344,0.7369,0.7342
11/14/21,0.7342,N/A,0.7332,0.7346,0.7323
11/12/21,0.7332,N/A,0.7294,0.7336,0.7276
11/11/21,0.7287,N/A,0.7294,0.7301,0.7276
11/10/21,0.7299,N/A,0.7326,0.7341,0.7295
11/9/21,0.7366,N/A,0.7375,0.7381,0.7362
11/8/21,0.7407,N/A,0.742,0.7426,0.7391
11/7/21,0.7394,N/A,0.7401,0.7414,0.7387
11/5/21,0.74,N/A,0.7399,0.7412,0.7361
11/4/21,0.7394,N/A,0.7399,0.7409,0.738
11/3/21,0.7452,N/A,0.7445,0.747,0.744
11/2/21,0.7434,N/A,0.7428,0.7441,0.7426
11/1/21,0.75,N/A,0.7524,0.7532,0.7487
10/31/21,0.7507,N/A,0.7521,0.7525,0.7506
10/29/21,0.752,N/A,0.7544,0.7556,0.7501
10/28/21,0.7546,N/A,0.7544,0.7547,0.7524
10/27/21,0.7507,N/A,0.7514,0.7523,0.748
10/26/21,0.752,N/A,0.7499,0.7537,0.7498
10/25/21,0.7513,N/A,0.7491,0.7514,0.7484
10/24/21,0.7489,N/A,0.7464,0.7489,0.7464
10/22/21,0.7469,N/A,0.7466,0.7513,0.7454
10/21/21,0.7473,N/A,0.7466,0.749,0.7454
10/20/21,0.7533,N/A,0.7515,0.7547,0.7508
10/19/21,0.7492,N/A,0.7472,0.7493,0.7465
10/18/21,0.745,N/A,0.741,0.7451,0.7408
10/17/21,0.7404,N/A,0.7423,0.7437,0.7401
10/15/21,0.742,N/A,0.7415,0.744,0.7404
10/14/21,0.7414,N/A,0.7415,0.7425,0.7406
10/13/21,0.7388,N/A,0.7378,0.7394,0.7372
10/12/21,0.7338,N/A,0.7349,0.7354,0.733
10/11/21,0.7338,N/A,0.7351,0.7354,0.7333
10/10/21,0.7317,N/A,0.7306,0.7331,0.7292
10/8/21,0.7308,N/A,0.7312,0.7338,0.7288
10/7/21,0.7306,N/A,0.7312,0.7325,0.7304
10/6/21,0.7284,N/A,0.7272,0.729,0.7269
10/5/21,0.7265,N/A,0.7291,0.7297,0.7261
10/4/21,0.7267,N/A,0.7284,0.7295,0.7262
10/3/21,0.7263,N/A,0.7256,0.7283,0.7252
10/1/21,0.7264,N/A,0.7226,0.7276,0.7192
9/30/21,0.722,N/A,0.7226,0.724,0.7218
9/29/21,0.7205,N/A,0.7175,0.7207,0.7173
9/28/21,0.7248,N/A,0.7236,0.725,0.7227
9/27/21,0.7276,N/A,0.7258,0.7316,0.7236
9/26/21,0.7282,N/A,0.7258,0.7316,0.7236
9/24/21,0.7262,N/A,0.7295,0.7316,0.7236
9/23/21,0.73,N/A,0.7295,0.7316,0.7289
9/22/21,0.7237,N/A,0.7245,0.7246,0.7223
9/21/21,0.724,N/A,0.7231,0.7268,0.7224
9/20/21,0.7268,N/A,0.725,0.7269,0.7246
9/19/21,0.7234,N/A,0.7265,0.7268,0.7227
9/17/21,0.7265,N/A,0.7289,0.7322,0.7262
9/16/21,0.7298,N/A,0.7289,0.7301,0.7282
9/15/21,0.7322,N/A,0.7334,0.7344,0.732
9/14/21,0.7322,N/A,0.7318,0.7325,0.7302
9/13/21,0.7352,N/A,0.7366,0.7374,0.7348
9/12/21,0.7357,N/A,0.7355,0.7369,0.735
9/10/21,0.7353,N/A,0.7366,0.741,0.7348
9/9/21,0.7385,N/A,0.7366,0.7387,0.736
9/8/21,0.7357,N/A,0.7364,0.737,0.7351
9/7/21,0.7388,N/A,0.7385,0.7405,0.7383
9/6/21,0.7439,N/A,0.7439,0.7456,0.7435
9/3/21,0.745,N/A,0.7399,0.7478,0.7395
9/2/21,0.7403,N/A,0.7399,0.7409,0.7395
9/1/21,0.7364,N/A,0.7364,0.7374,0.7355
8/31/21,0.7318,N/A,0.7315,0.7324,0.7308
8/30/21,0.7307,N/A,0.7294,0.7307,0.7289
8/29/21,0.7304,N/A,0.731,0.7319,0.7297
8/27/21,0.7314,N/A,0.7234,0.7317,0.7222
8/26/21,0.7264,N/A,0.7273,0.728,0.725
8/25/21,0.7259,N/A,0.7273,0.728,0.7256
8/24/21,0.7244,N/A,0.7257,0.7261,0.7239
8/23/21,0.7218,N/A,0.7208,0.7223,0.72
8/22/21,0.7164,N/A,0.7134,0.7164,0.7121
8/20/21,0.7135,N/A,0.7146,0.7157,0.7107
8/19/21,0.714,N/A,0.7146,0.7157,0.7126
8/18/21,0.7203,N/A,0.7231,0.7243,0.7198
8/17/21,0.7267,N/A,0.7249,0.727,0.7239
8/16/21,0.7308,N/A,0.7337,0.7341,0.7304
8/15/21,0.734,N/A,0.7369,0.7373,0.7337
8/13/21,0.7371,N/A,0.7334,0.7381,0.7333
8/12/21,0.7346,N/A,0.7334,0.7348,0.7333
8/11/21,0.7369,N/A,0.7372,0.7377,0.7362
8/10/21,0.7342,N/A,0.735,0.7351,0.7335
8/9/21,0.7325,N/A,0.7333,0.7336,0.7316
8/8/21,0.7353,N/A,0.7353,0.7361,0.7329
8/6/21,0.7356,N/A,0.7404,0.7407,0.7347
8/5/21,0.7389,N/A,0.7404,0.7407,0.738
8/4/21,0.7391,N/A,0.7379,0.7392,0.7376
8/3/21,0.7404,N/A,0.7394,0.7412,0.7388
8/2/21,0.7369,N/A,0.736,0.7372,0.7358
8/1/21,0.7342,N/A,0.7344,0.735,0.7329
7/30/21,0.7346,N/A,0.7395,0.7405,0.7331
7/29/21,0.7392,N/A,0.7395,0.7404,0.7381
7/28/21,0.7379,N/A,0.7376,0.7382,0.7359
7/27/21,0.7359,N/A,0.736,0.7376,0.7353
7/26/21,0.7379,N/A,0.738,0.7389,0.737
7/25/21,0.7348,N/A,0.7364,0.7371,0.7347
7/23/21,0.7364,N/A,0.7378,0.7402,0.7357
7/22/21,0.7378,N/A,0.7378,0.7402,0.7377
7/21/21,0.7357,N/A,0.7358,0.7363,0.7342
7/20/21,0.7311,N/A,0.7329,0.734,0.7303
7/19/21,0.7328,N/A,0.7342,0.7358,0.7322
7/18/21,0.7385,N/A,0.7402,0.741,0.7373
7/16/21,0.7399,N/A,0.7427,0.7443,0.7392
7/15/21,0.7437,N/A,0.7427,0.7439,0.7415
7/14/21,0.7462,N/A,0.748,0.7488,0.7453
7/13/21,0.746,N/A,0.7446,0.7467,0.7437
7/12/21,0.7498,N/A,0.7475,0.7503,0.7476
7/11/21,0.7472,N/A,0.7485,0.7493,0.747
7/9/21,0.7493,N/A,0.7429,0.7494,0.7409
7/8/21,0.7419,N/A,0.7429,0.744,0.7409
7/7/21,0.7466,N/A,0.7481,0.7489,0.7455
7/6/21,0.7493,N/A,0.7497,0.7498,0.7483
7/5/21,0.7567,N/A,0.7529,0.757,0.7528
7/4/21,0.7518,N/A,0.7525,0.753,0.7509
7/2/21,0.7526,N/A,0.7469,0.7533,0.7446
7/1/21,0.7462,N/A,0.7469,0.7471,0.746
6/30/21,0.7491,N/A,0.7498,0.7501,0.7484
6/29/21,0.7522,N/A,0.7511,0.7524,0.7509
6/28/21,0.7553,N/A,0.7567,0.7571,0.755
6/27/21,0.7587,N/A,0.7586,0.76,0.7575
6/25/21,0.7591,N/A,0.7582,0.7617,0.758
6/24/21,0.7593,N/A,0.7582,0.7595,0.758
6/23/21,0.7575,N/A,0.7575,0.7581,0.7568
6/22/21,0.7544,N/A,0.7553,0.756,0.7538
6/21/21,0.7514,N/A,0.7535,0.7546,0.7512
6/20/21,0.7483,N/A,0.7477,0.7522,0.7481
6/18/21,0.748,N/A,0.755,0.7561,0.7477
6/17/21,0.7552,N/A,0.755,0.7561,0.7547
6/16/21,0.7625,N/A,0.761,0.7645,0.7598
6/15/21,0.7694,N/A,0.7685,0.7695,0.7683
6/14/21,0.7708,N/A,0.7711,0.7717,0.7695
6/13/21,0.7699,N/A,0.7706,0.771,0.7693
6/11/21,0.7704,N/A,0.7752,0.7775,0.7689
6/10/21,0.7754,N/A,0.7752,0.7758,0.7745
6/9/21,0.7735,N/A,0.7729,0.7736,0.7722
6/8/21,0.7736,N/A,0.774,0.7744,0.7734
6/7/21,0.7748,N/A,0.7753,0.7766,0.7727
6/6/21,0.7734,N/A,0.7737,0.7749,0.7731
6/4/21,0.7742,N/A,0.7658,0.7745,0.7651
6/3/21,0.766,N/A,0.7658,0.7667,0.7651
6/2/21,0.7742,N/A,0.7752,0.7754,0.7738
6/1/21,0.7761,N/A,0.7754,0.7773,0.7748
5/31/21,0.7764,N/A,0.7734,0.7769,0.7732
5/30/21,0.7724,N/A,0.7713,0.773,0.7701
5/28/21,0.7713,N/A,0.774,0.7749,0.7677
5/27/21,0.7745,N/A,0.774,0.7749,0.7737
5/26/21,0.7742,N/A,0.7739,0.7745,0.7723
5/25/21,0.7786,N/A,0.775,0.7787,0.7744
5/24/21,0.7758,N/A,0.7752,0.7761,0.7746
5/23/21,0.7725,N/A,0.7731,0.7737,0.7714
5/21/21,0.7729,N/A,0.7775,0.7783,0.7719
5/20/21,0.7754,N/A,0.7775,0.7779,0.7753
5/19/21,0.7737,N/A,0.7726,0.7743,0.7718
5/18/21,0.779,N/A,0.7791,0.7798,0.7779
5/17/21,0.7794,N/A,0.7763,0.7797,0.7759
5/16/21,0.7755,N/A,0.7772,0.7784,0.7751
5/14/21,0.7783,N/A,0.7729,0.7788,0.7714
5/13/21,0.7722,N/A,0.7729,0.7733,0.7714
5/12/21,0.7721,N/A,0.7725,0.7746,0.7718
5/11/21,0.7788,N/A,0.784,0.7846,0.7788
5/10/21,0.7832,N/A,0.783,0.7845,0.7822
5/9/21,0.7844,N/A,0.7842,0.7863,0.7838
5/7/21,0.7844,N/A,0.7779,0.7862,0.7761
5/6/21,0.7777,N/A,0.7779,0.7792,0.7773
5/5/21,0.7723,N/A,0.7747,0.7758,0.7702
5/4/21,0.7736,N/A,0.7705,0.7765,0.7676
5/3/21,0.7742,N/A,0.7761,0.7765,0.7735
5/2/21,0.7721,N/A,0.7716,0.7733,0.7713
4/30/21,0.7712,N/A,0.7764,0.7784,0.7696
4/29/21,0.778,N/A,0.7764,0.7784,0.7764
4/28/21,0.7784,N/A,0.7788,0.7818,0.7782
4/27/21,0.7742,N/A,0.7764,0.7772,0.7725
4/26/21,0.7784,N/A,0.7799,0.7805,0.7781
4/25/21,0.7774,N/A,0.7745,0.7781,0.7739
4/23/21,0.7745,N/A,0.7707,0.7761,0.7698
4/22/21,0.7724,N/A,0.7707,0.7727,0.7698
4/21/21,0.7754,N/A,0.7751,0.7764,0.7748
4/20/21,0.7712,N/A,0.7723,0.7736,0.7712
4/19/21,0.7798,N/A,0.7757,0.7801,0.7753
4/18/21,0.7726,N/A,0.7733,0.7733,0.7706
4/16/21,0.7736,N/A,0.775,0.776,0.7724
4/15/21,0.7734,N/A,0.775,0.7756,0.7724
4/14/21,0.7711,N/A,0.772,0.7745,0.7709
4/13/21,0.7656,N/A,0.7638,0.7664,0.7635
4/12/21,0.7604,N/A,0.7622,0.7631,0.7601
4/11/21,0.7604,N/A,0.7621,0.7629,0.7595
4/9/21,0.7618,N/A,0.7652,0.7661,0.7589
4/8/21,0.7639,N/A,0.7652,0.7661,0.7635
4/7/21,0.7621,N/A,0.7614,0.7624,0.7603
4/6/21,0.7653,N/A,0.7662,0.7678,0.7651
4/5/21,0.7633,N/A,0.7649,0.7661,0.7631
4/4/21,0.7621,N/A,0.7606,0.7625,0.7603
4/2/21,0.7608,N/A,0.7617,0.7637,0.7596
4/1/21,0.763,N/A,0.7617,0.7637,0.7615
3/31/21,0.7573,N/A,0.7596,0.7637,0.7567
3/30/21,0.7604,N/A,0.7594,0.7618,0.7592
3/29/21,0.7659,N/A,0.763,0.7663,0.7629
3/28/21,0.7635,N/A,0.7635,0.7645,0.7621
3/26/21,0.7643,N/A,0.7579,0.7644,0.7574
3/25/21,0.7613,N/A,0.7579,0.7615,0.7574
3/24/21,0.7603,N/A,0.7582,0.7614,0.758
3/23/21,0.7608,N/A,0.7622,0.7635,0.7594
3/22/21,0.7712,N/A,0.7744,0.775,0.7709
3/21/21,0.7727,N/A,0.7742,0.7735,0.7705
3/19/21,0.7743,N/A,0.7756,0.7772,0.7718
3/18/21,0.7742,N/A,0.7756,0.7764,0.7724
3/17/21,0.7823,N/A,0.7794,0.7835,0.7794
3/16/21,0.7734,N/A,0.7745,0.7748,0.7724
3/15/21,0.7751,N/A,0.7754,0.776,0.7742
3/14/21,0.7748,N/A,0.7762,0.7775,0.7744
3/12/21,0.7761,N/A,0.7787,0.7801,0.7724
3/11/21,0.7784,N/A,0.7787,0.7801,0.7771
3/10/21,0.7743,N/A,0.7734,0.775,0.7723
3/9/21,0.7684,N/A,0.7711,0.772,0.7677
3/8/21,0.7661,N/A,0.7649,0.7667,0.7621
3/7/21,0.7692,N/A,0.7686,0.7722,0.7685
3/5/21,0.7683,N/A,0.7725,0.7731,0.7624
3/4/21,0.7707,N/A,0.7725,0.7731,0.7688
3/3/21,0.7784,N/A,0.7775,0.7792,0.7752
3/2/21,0.7823,N/A,0.7818,0.7838,0.7813
3/1/21,0.7755,N/A,0.7769,0.7781,0.7737
2/28/21,0.7743,N/A,0.7705,0.7772,0.7709
2/26/21,0.7706,N/A,0.7872,0.7883,0.7693
2/25/21,0.7823,N/A,0.7872,0.7883,0.7821
2/24/21,0.7967,N/A,0.7967,0.7978,0.7953
2/23/21,0.7913,N/A,0.791,0.7945,0.7903
2/22/21,0.7918,N/A,0.7915,0.7935,0.7909
2/21/21,0.7876,N/A,0.7869,0.7908,0.7867
2/19/21,0.787,N/A,0.7767,0.7877,0.7758
2/18/21,0.7764,N/A,0.7767,0.7777,0.7758
2/17/21,0.7755,N/A,0.7749,0.7771,0.7748
2/16/21,0.7753,N/A,0.7756,0.7761,0.7731
2/15/21,0.7796,N/A,0.7778,0.7805,0.778
2/14/21,0.7781,N/A,0.7753,0.7785,0.776
2/12/21,0.7761,N/A,0.7751,0.7764,0.7719
2/11/21,0.7744,N/A,0.7751,0.7762,0.7735
2/10/21,0.7736,N/A,0.7721,0.7739,0.7712
2/9/21,0.774,N/A,0.7738,0.7743,0.7725
2/8/21,0.7727,N/A,0.77,0.7732,0.7699
2/7/21,0.7675,N/A,0.7677,0.7682,0.7667
2/5/21,0.7678,N/A,0.7599,0.7679,0.7583
2/4/21,0.7594,N/A,0.7599,0.761,0.7583
2/3/21,0.7622,N/A,0.7617,0.7648,0.7616
2/2/21,0.7613,N/A,0.7606,0.762,0.7601
2/1/21,0.7623,N/A,0.7619,0.7662,0.762
1/31/21,0.7651,N/A,0.7642,0.7654,0.7606
1/29/21,0.7642,N/A,0.7679,0.7704,0.7631
1/28/21,0.7645,N/A,0.7679,0.7685,0.7637
1/27/21,0.7626,N/A,0.7662,0.7666,0.7621
1/26/21,0.7734,N/A,0.7743,0.7763,0.773
1/25/21,0.7689,N/A,0.7708,0.772,0.7689
1/24/21,0.7738,N/A,0.7716,0.7742,0.7707
1/22/21,0.7715,N/A,0.7763,0.777,0.7702
1/21/21,0.7747,N/A,0.7763,0.777,0.7741
1/20/21,0.7769,N/A,0.7746,0.7778,0.7742
1/19/21,0.7721,N/A,0.7695,0.7725,0.7692
1/18/21,0.7714,N/A,0.7679,0.7719,0.7672
1/17/21,0.7684,N/A,0.7702,0.7711,0.768
1/15/21,0.7703,N/A,0.7777,0.7789,0.7681
1/14/21,0.7762,N/A,0.7777,0.7789,0.7759
1/13/21,0.7748,N/A,0.7732,0.7756,0.7729
1/12/21,0.7764,N/A,0.7771,0.7782,0.7761
1/11/21,0.7692,N/A,0.7695,0.7712,0.7687
1/10/21,0.7694,N/A,0.7759,0.7764,0.7693
1/8/21,0.7768,N/A,0.7768,0.7799,0.7729
1/7/21,0.7766,N/A,0.7768,0.7774,0.774
1/6/21,0.7796,N/A,0.7801,0.7817,0.779
1/5/21,0.7766,N/A,0.7759,0.778,0.7733
1/4/21,0.77,N/A,0.7663,0.771,0.7661
1/3/21,0.7701,N/A,0.7704,0.7722,0.7682
1/1/21,0.7705,N/A,0.7694,0.7705,0.7692
12/31/20,0.7705,N/A,0.7694,0.7705,0.7692
12/30/20,0.7699,N/A,0.7684,0.7709,0.7678
12/29/20,0.7658,N/A,0.7605,0.766,0.7602
12/28/20,0.7596,N/A,0.7577,0.76,0.7578
12/27/20,0.761,N/A,0.7599,0.7616,0.7591
12/25/20,0.7599,N/A,0.7596,0.7612,0.7577
12/24/20,0.7592,N/A,0.7596,0.7601,0.7577
12/23/20,0.7582,N/A,0.7572,0.7597,0.7569
12/22/20,0.7553,N/A,0.7521,0.7556,0.7518
12/21/20,0.7555,N/A,0.7585,0.7591,0.7552
12/20/20,0.757,N/A,0.7624,0.7607,0.7565
12/18/20,0.7624,N/A,0.7621,0.763,0.7583
12/17/20,0.7594,N/A,0.7621,0.763,0.7593
12/16/20,0.7587,N/A,0.7576,0.7592,0.7567
12/15/20,0.7561,N/A,0.7557,0.7562,0.7546
12/14/20,0.7508,N/A,0.7537,0.7547,0.7508
12/13/20,0.754,N/A,0.7533,0.7559,0.7525
12/11/20,0.7535,N/A,0.7533,0.7571,0.752
12/10/20,0.7563,N/A,0.7533,0.7571,0.7522
12/9/20,0.7474,N/A,0.7445,0.7478,0.7427
12/8/20,0.7441,N/A,0.7411,0.7443,0.7405
12/7/20,0.7427,N/A,0.742,0.743,0.741
12/6/20,0.7431,N/A,0.7421,0.7437,0.7425
12/4/20,0.7427,N/A,0.7438,0.7444,0.741
12/3/20,0.7427,N/A,0.7438,0.7443,0.7423
12/2/20,0.7406,N/A,0.7415,0.7419,0.7398
12/1/20,0.7377,N/A,0.7369,0.7389,0.7367
11/30/20,0.7367,N/A,0.7345,0.7371,0.7341
11/29/20,0.7392,N/A,0.7384,0.7408,0.7383
11/27/20,0.7387,N/A,0.7361,0.7399,0.7352
11/26/20,0.7375,N/A,0.7361,0.7377,0.7352
11/25/20,0.7362,N/A,0.7363,0.7375,0.7359
11/24/20,0.7357,N/A,0.736,0.7373,0.7352
11/23/20,0.7315,N/A,0.7285,0.732,0.7284
11/22/20,0.7313,N/A,0.7302,0.7328,0.7299
11/20/20,0.7304,N/A,0.7287,0.7325,0.7267
11/19/20,0.7291,N/A,0.7287,0.7295,0.7267
11/18/20,0.7296,N/A,0.7305,0.7307,0.7285
11/17/20,0.7295,N/A,0.7298,0.7301,0.7272
11/16/20,0.7324,N/A,0.7318,0.733,0.7312
11/15/20,0.7288,N/A,0.7268,0.7298,0.7265
11/13/20,0.7269,N/A,0.7231,0.7274,0.7221
11/12/20,0.7232,N/A,0.7231,0.7242,0.7221
11/11/20,0.7271,N/A,0.7278,0.7294,0.727
11/10/20,0.7307,N/A,0.7284,0.7319,0.7276
11/9/20,0.7279,N/A,0.7285,0.7289,0.7267
11/8/20,0.7295,N/A,0.7255,0.7298,0.7268
11/6/20,0.726,N/A,0.7282,0.7288,0.724
11/5/20,0.7261,N/A,0.7282,0.7285,0.7249
11/4/20,0.7167,N/A,0.7173,0.7189,0.7146
11/3/20,0.7112,N/A,0.716,0.722,0.705
11/2/20,0.7033,N/A,0.7053,0.7063,0.703
11/1/20,0.7001,N/A,0.7026,0.7026,0.6996
10/30/20,0.7028,N/A,0.7028,0.7072,0.7012
10/29/20,0.7048,N/A,0.7028,0.7056,0.7023
10/28/20,0.7065,N/A,0.7044,0.7068,0.7044
10/27/20,0.7137,N/A,0.7128,0.7138,0.7113
10/26/20,0.7131,N/A,0.7122,0.7137,0.7115
10/25/20,0.7116,N/A,0.7135,0.7142,0.7115
10/23/20,0.7137,N/A,0.7115,0.7158,0.7101
10/22/20,0.7117,N/A,0.7115,0.7139,0.711
10/21/20,0.7093,N/A,0.7117,0.7119,0.7089
10/20/20,0.7078,N/A,0.7046,0.7083,0.7046
10/19/20,0.7046,N/A,0.7067,0.7073,0.7038
10/18/20,0.7086,N/A,0.708,0.7108,0.7073
10/16/20,0.7079,N/A,0.7092,0.7097,0.707
10/15/20,0.7082,N/A,0.7092,0.7097,0.7076
10/14/20,0.713,N/A,0.7162,0.7172,0.7125
10/13/20,0.7171,N/A,0.716,0.7174,0.7154
10/12/20,0.7177,N/A,0.7207,0.7214,0.7165
10/11/20,0.7227,N/A,0.7239,0.7235,0.7213
10/9/20,0.7242,N/A,0.7166,0.7244,0.716
10/8/20,0.718,N/A,0.7166,0.7188,0.716
10/7/20,0.7144,N/A,0.7138,0.7145,0.7124
10/6/20,0.7117,N/A,0.7104,0.712,0.7097
10/5/20,0.7186,N/A,0.7179,0.7208,0.7171
10/4/20,0.7181,N/A,0.7162,0.7191,0.7158
10/2/20,0.7164,N/A,0.7183,0.719,0.7131
10/1/20,0.7159,N/A,0.7183,0.719,0.7157
9/30/20,0.7177,N/A,0.7161,0.7184,0.7155
9/29/20,0.7116,N/A,0.7127,0.7149,0.7109
9/28/20,0.7084,N/A,0.707,0.7097,0.707
9/27/20,0.7055,N/A,0.7027,0.706,0.7029
9/25/20,0.7029,N/A,0.7045,0.7087,0.7006
9/24/20,0.706,N/A,0.7045,0.7063,0.7045
9/23/20,0.7049,N/A,0.7074,0.7083,0.7047
9/22/20,0.713,N/A,0.7174,0.7177,0.7127
9/21/20,0.7222,N/A,0.7223,0.7235,0.7192
9/20/20,0.7316,N/A,0.7289,0.7319,0.7287
9/18/20,0.7292,N/A,0.7312,0.7334,0.7283
9/17/20,0.7325,N/A,0.7312,0.7334,0.7306
9/16/20,0.7266,N/A,0.7305,0.7311,0.7262
9/15/20,0.7316,N/A,0.7301,0.7321,0.7288
9/14/20,0.7317,N/A,0.7288,0.7318,0.7267
9/13/20,0.7282,N/A,0.7283,0.7289,0.7268
9/11/20,0.7284,N/A,0.7256,0.7306,0.7253
9/10/20,0.7277,N/A,0.7256,0.7278,0.7253
9/9/20,0.7269,N/A,0.7282,0.7287,0.7262
9/8/20,0.722,N/A,0.7214,0.7226,0.7192
9/7/20,0.7275,N/A,0.7274,0.7287,0.7272
9/6/20,0.7287,N/A,0.7279,0.7298,0.7273
9/4/20,0.728,N/A,0.7272,0.7299,0.7222
9/3/20,0.727,N/A,0.7272,0.7279,0.7251
9/2/20,0.7321,N/A,0.7338,0.734,0.731
9/1/20,0.7351,N/A,0.7371,0.7381,0.7337
8/31/20,0.7404,N/A,0.7375,0.7414,0.7368
8/30/20,0.7364,N/A,0.7366,0.7381,0.7346
8/28/20,0.7366,N/A,0.7258,0.7369,0.7256
8/27/20,0.7291,N/A,0.7258,0.7291,0.7256
8/26/20,0.7238,N/A,0.7231,0.7251,0.7228
8/25/20,0.7192,N/A,0.7194,0.7208,0.7188
8/24/20,0.7174,N/A,0.7161,0.7182,0.7156
8/23/20,0.7169,N/A,0.7161,0.7178,0.7152
8/21/20,0.716,N/A,0.7191,0.7216,0.7139
8/20/20,0.7199,N/A,0.7191,0.7216,0.7189
8/19/20,0.7183,N/A,0.7181,0.7193,0.7166
8/18/20,0.7237,N/A,0.724,0.726,0.7235
8/17/20,0.7218,N/A,0.7214,0.7229,0.7209
8/16/20,0.7184,N/A,0.7171,0.7197,0.7165
8/14/20,0.7171,N/A,0.7148,0.7176,0.7133
8/13/20,0.7143,N/A,0.7148,0.7155,0.7133
8/12/20,0.7171,N/A,0.7162,0.7188,0.7157
8/11/20,0.7123,N/A,0.7142,0.7151,0.7111
8/10/20,0.7178,N/A,0.7149,0.7178,0.7145
8/9/20,0.7164,N/A,0.7157,0.7173,0.7147
8/7/20,0.7159,N/A,0.7233,0.7244,0.7145
8/6/20,0.7205,N/A,0.7233,0.7244,0.7199
8/5/20,0.7198,N/A,0.7191,0.7213,0.7184
8/4/20,0.7188,N/A,0.716,0.719,0.7154
8/3/20,0.7125,N/A,0.7123,0.7133,0.7106
8/2/20,0.7134,N/A,0.7142,0.715,0.7118
7/31/20,0.7143,N/A,0.7193,0.7228,0.7134
7/30/20,0.7206,N/A,0.7193,0.7224,0.7184
7/29/20,0.7181,N/A,0.7186,0.7191,0.7171
7/28/20,0.7164,N/A,0.7157,0.7175,0.7149
7/27/20,0.7134,N/A,0.7149,0.7177,0.7132
7/26/20,0.714,N/A,0.7103,0.7146,0.7087
7/24/20,0.7108,N/A,0.7097,0.7125,0.7064
7/23/20,0.7095,N/A,0.7097,0.7125,0.709
7/22/20,0.7148,N/A,0.7138,0.7148,0.7134
7/21/20,0.7137,N/A,0.7127,0.7146,0.7124
7/20/20,0.7022,N/A,0.7013,0.7035,0.701
7/19/20,0.6983,N/A,0.6995,0.7005,0.6974
7/17/20,0.6995,N/A,0.6969,0.7006,0.6968
7/16/20,0.699,N/A,0.6969,0.699,0.6968
7/15/20,0.6993,N/A,0.7007,0.7012,0.6983
7/14/20,0.6993,N/A,0.6974,0.7018,0.6969
7/13/20,0.6939,N/A,0.6939,0.6947,0.6927
7/12/20,0.6968,N/A,0.6948,0.6974,0.694
7/10/20,0.6947,N/A,0.6963,0.697,0.6924
7/9/20,0.6943,N/A,0.6963,0.6966,0.6936
7/8/20,0.6986,N/A,0.6982,0.6995,0.697
7/7/20,0.6942,N/A,0.6946,0.6953,0.6933
7/6/20,0.6966,N/A,0.6973,0.6997,0.6956
7/5/20,0.6961,N/A,0.6937,0.6964,0.6929
7/3/20,0.6939,N/A,0.6922,0.6948,0.6914
7/2/20,0.6924,N/A,0.6914,0.6938,0.6905
7/1/20,0.6917,N/A,0.6914,0.6927,0.6905
6/30/20,0.6903,N/A,0.6902,0.6917,0.6894
6/29/20,0.6878,N/A,0.6864,0.6884,0.6857
6/28/20,0.6875,N/A,0.686,0.6886,0.6846
6/26/20,0.6866,N/A,0.6885,0.6896,0.6841
6/25/20,0.6887,N/A,0.6885,0.6896,0.6863
6/24/20,0.6858,N/A,0.6872,0.6875,0.6852
6/23/20,0.6943,N/A,0.6929,0.6962,0.6926
6/22/20,0.6913,N/A,0.6905,0.6935,0.6858
6/21/20,0.6856,N/A,0.6832,0.6861,0.6811
6/19/20,0.6835,N/A,0.6851,0.6912,0.683
6/18/20,0.686,N/A,0.6851,0.6867,0.6841
6/17/20,0.6871,N/A,0.6883,0.6896,0.6838
6/16/20,0.6865,N/A,0.6884,0.6897,0.6852
6/15/20,0.6961,N/A,0.6918,0.6975,0.691
6/12/20,0.6867,N/A,0.6854,0.6912,0.68
6/11/20,0.684,N/A,0.6854,0.6858,0.68
6/10/20,0.6938,N/A,0.6997,0.7004,0.6935
6/9/20,0.6974,N/A,0.6961,0.6977,0.6933
6/8/20,0.6998,N/A,0.7019,0.704,0.6988
6/7/20,0.6976,N/A,0.6968,0.7003,0.6966
6/5/20,0.697,N/A,0.6942,0.7013,0.6931
6/4/20,0.6887,N/A,0.6919,0.6933,0.6883
6/3/20,0.6898,N/A,0.6919,0.6933,0.6892
6/2/20,0.6941,N/A,0.6894,0.6983,0.6887
6/1/20,0.6786,N/A,0.6797,0.6814,0.6775
5/29/20,0.6667,N/A,0.6635,0.6683,0.6613
5/28/20,0.6644,N/A,0.6635,0.6646,0.6613
5/27/20,0.6604,N/A,0.662,0.6636,0.6603
5/26/20,0.6652,N/A,0.6651,0.666,0.6631
5/25/20,0.6573,N/A,0.6544,0.6575,0.6538
5/24/20,0.6533,N/A,0.6535,0.655,0.6522
5/22/20,0.6537,N/A,0.6564,0.6577,0.6506
5/21/20,0.654,N/A,0.6564,0.6577,0.6533
5/20/20,0.6561,N/A,0.6597,0.6599,0.6549
5/19/20,0.6549,N/A,0.6536,0.6563,0.6525
5/18/20,0.6521,N/A,0.6523,0.655,0.6511
5/17/20,0.6442,N/A,0.6414,0.6452,0.6412
5/15/20,0.6415,N/A,0.6461,0.6474,0.6402
5/14/20,0.6454,N/A,0.6461,0.6474,0.6446
5/13/20,0.6432,N/A,0.6454,0.6462,0.6421
5/12/20,0.6472,N/A,0.6469,0.648,0.6451
5/11/20,0.6454,N/A,0.6488,0.6494,0.6432
5/8/20,0.6531,N/A,0.6494,0.6548,0.6493
5/7/20,0.6534,N/A,0.6494,0.6548,0.6493
5/6/20,0.6419,N/A,0.64,0.6424,0.6379
5/5/20,0.643,N/A,0.643,0.6444,0.6419
5/4/20,0.6448,N/A,0.6426,0.6454,0.6418
5/3/20,0.6401,N/A,0.6418,0.6413,0.6373
5/1/20,0.6418,N/A,0.651,0.6512,0.641
4/30/20,0.6465,N/A,0.651,0.6512,0.6456
4/29/20,0.6552,N/A,0.6555,0.6559,0.6531
4/28/20,0.6531,N/A,0.649,0.6531,0.6487
4/27/20,0.6443,N/A,0.6464,0.647,0.6433
4/26/20,0.6434,N/A,0.6385,0.6439,0.6382
4/24/20,0.6395,N/A,0.6369,0.6398,0.6338
4/23/20,0.6354,N/A,0.6369,0.6381,0.6351
4/22/20,0.63,N/A,0.6323,0.6324,0.6283
4/21/20,0.6303,N/A,0.628,0.6349,0.6277
4/20/20,0.6304,N/A,0.6335,0.6348,0.6284
4/19/20,0.6341,N/A,0.6364,0.6367,0.6336
4/17/20,0.6365,N/A,0.6328,0.6383,0.6314
4/16/20,0.6357,N/A,0.6328,0.6383,0.6318
4/15/20,0.628,N/A,0.6318,0.6323,0.6269
4/14/20,0.6409,N/A,0.644,0.6444,0.6404
4/13/20,0.6421,N/A,0.6381,0.6432,0.6377
4/12/20,0.6336,N/A,0.635,0.6358,0.6327
4/10/20,0.635,N/A,0.6337,0.637,0.6313
4/9/20,0.6342,N/A,0.6337,0.6345,0.6313
4/8/20,0.624,N/A,0.6226,0.625,0.621
4/7/20,0.6129,N/A,0.6166,0.6178,0.6123
4/6/20,0.6115,N/A,0.6086,0.6129,0.6076
4/5/20,0.602,N/A,0.5995,0.6048,0.5991
4/3/20,0.5999,N/A,0.6059,0.6076,0.598
4/2/20,0.6065,N/A,0.6059,0.6069,0.6046
4/1/20,0.6088,N/A,0.607,0.6094,0.6063
3/31/20,0.6125,N/A,0.6135,0.6159,0.6109
3/30/20,0.6183,N/A,0.6172,0.62,0.6079
3/29/20,0.6137,N/A,0.6165,0.6184,0.6113
3/27/20,0.6157,N/A,0.6063,0.62,0.6024
3/26/20,0.6123,N/A,0.6063,0.6127,0.6036
3/25/20,0.5918,N/A,0.5958,0.5959,0.587
3/24/20,0.598,N/A,0.5957,0.5989,0.5937
3/23/20,0.5927,N/A,0.5827,0.5946,0.5814
3/22/20,0.5752,N/A,0.5798,0.5826,0.5701
3/20/20,0.5806,N/A,0.5741,0.5986,0.5665
3/19/20,0.5841,N/A,0.5741,0.5911,0.5665
3/18/20,0.5573,N/A,0.5771,0.5816,0.5511
3/17/20,0.6006,N/A,0.5998,0.6027,0.5982
3/16/20,0.6125,N/A,0.6117,0.6149,0.6092
3/15/20,0.6175,N/A,0.6182,0.6306,0.6097
3/13/20,0.6185,N/A,0.6234,0.6327,0.6122
3/12/20,0.6298,N/A,0.6234,0.6327,0.6231
3/11/20,0.6463,N/A,0.6484,0.6492,0.6452
3/10/20,0.6514,N/A,0.6505,0.6518,0.6481
3/9/20,0.6578,N/A,0.6586,0.6613,0.6551
3/8/20,0.6513,N/A,0.6645,0.6626,0.6321
3/6/20,0.665,N/A,0.6613,0.6657,0.6584
3/5/20,0.6601,N/A,0.6613,0.6624,0.6584
3/4/20,0.6615,N/A,0.6582,0.6629,0.6576
3/3/20,0.6594,N/A,0.6582,0.6615,0.6576
3/2/20,0.6547,N/A,0.6539,0.6566,0.651
3/1/20,0.6525,N/A,0.6509,0.6546,0.647
2/28/20,0.6509,N/A,0.6568,0.6586,0.6435
2/27/20,0.6531,N/A,0.6568,0.6586,0.6528
2/26/20,0.6555,N/A,0.6543,0.6562,0.6543
2/25/20,0.6595,N/A,0.6602,0.6607,0.6588
2/24/20,0.6615,N/A,0.6604,0.6623,0.66
2/23/20,0.6609,N/A,0.6627,0.662,0.6587
2/21/20,0.6626,N/A,0.6615,0.664,0.6586
2/20/20,0.6603,N/A,0.6615,0.6624,0.6592
2/19/20,0.6645,N/A,0.6675,0.6696,0.663
2/18/20,0.6694,N/A,0.6684,0.6702,0.6683
2/17/20,0.6716,N/A,0.6713,0.6734,0.6714
2/16/20,0.6725,N/A,0.6713,0.673,0.6714
2/14/20,0.6713,N/A,0.6718,0.6732,0.6708
2/13/20,0.6721,N/A,0.6718,0.6732,0.671
2/12/20,0.6718,N/A,0.6737,0.6739,0.6707
2/11/20,0.6728,N/A,0.6713,0.6738,0.6712
2/10/20,0.6707,N/A,0.6686,0.6711,0.6683
2/9/20,0.6697,N/A,0.6672,0.6706,0.6666
2/7/20,0.6674,N/A,0.673,0.6736,0.6662
2/6/20,0.6717,N/A,0.673,0.6736,0.6712
2/5/20,0.6758,N/A,0.6745,0.6765,0.6745
2/4/20,0.6737,N/A,0.6737,0.6746,0.6724
2/3/20,0.6719,N/A,0.6691,0.6725,0.6679
2/2/20,0.6696,N/A,0.6691,0.6705,0.6684
1/31/20,0.6689,N/A,0.6719,0.6729,0.6683
1/30/20,0.672,N/A,0.6719,0.6729,0.6705
1/29/20,0.6737,N/A,0.6753,0.6756,0.6731
1/28/20,0.677,N/A,0.6762,0.6777,0.6755
1/27/20,0.6762,N/A,0.676,0.6763,0.6747
1/26/20,0.6807,N/A,0.6828,0.682,0.6801
1/24/20,0.6827,N/A,0.6846,0.6858,0.6817
1/23/20,0.6848,N/A,0.6846,0.6852,0.6837
1/22/20,0.6866,N/A,0.6844,0.6879,0.6838
1/21/20,0.6836,N/A,0.6844,0.6848,0.6827
1/20/20,0.6865,N/A,0.6872,0.6881,0.6853
1/19/20,0.6884,N/A,0.6872,0.6885,0.6873
1/17/20,0.6874,N/A,0.6898,0.6912,0.6871
1/16/20,0.6895,N/A,0.6898,0.6905,0.6884
1/15/20,0.6907,N/A,0.6902,0.6919,0.6901
1/14/20,0.6899,N/A,0.69,0.6905,0.6892
1/13/20,0.6902,N/A,0.6903,0.6908,0.6885
1/12/20,0.6915,N/A,0.6901,0.692,0.6895
1/10/20,0.6901,N/A,0.6857,0.6912,0.6851
1/9/20,0.6873,N/A,0.6857,0.6877,0.6851
1/8/20,0.6871,N/A,0.6865,0.6881,0.6863
1/7/20,0.687,N/A,0.6868,0.6884,0.6849
1/6/20,0.6929,N/A,0.6939,0.6944,0.6927
1/5/20,0.6943,N/A,0.6951,0.6956,0.6934
1/3/20,0.6946,N/A,0.6993,0.6999,0.693
1/2/20,0.6968,N/A,0.6993,0.6999,0.6963
1/1/20,0.7006,N/A,0.7017,0.702,0.7004
12/31/19,0.7016,N/A,0.7021,0.7022,0.7012
12/30/19,0.7006,N/A,0.6994,0.7008,0.6993
12/29/19,0.699,N/A,0.6977,0.6999,0.6975
12/27/19,0.6976,N/A,0.6945,0.6986,0.694
12/26/19,0.6953,N/A,0.6945,0.6956,0.694
12/25/19,0.6927,N/A,0.6919,0.6928,0.6917
12/24/19,0.6922,N/A,0.692,0.6925,0.6915
12/23/19,0.6914,N/A,0.6922,0.6931,0.6913
12/22/19,0.6907,N/A,0.6898,0.6913,0.6892
12/20/19,0.6898,N/A,0.6884,0.6907,0.6883
12/19/19,0.6888,N/A,0.6884,0.6901,0.6883
12/18/19,0.6878,N/A,0.6852,0.6881,0.6848
12/17/19,0.6847,N/A,0.685,0.6856,0.6841
12/16/19,0.6869,N/A,0.6884,0.6886,0.6862
12/15/19,0.6872,N/A,0.6875,0.6886,0.6869
12/13/19,0.6876,N/A,0.6908,0.6938,0.6864
12/12/19,0.6927,N/A,0.6908,0.6938,0.6905
12/11/19,0.6882,N/A,0.6874,0.6889,0.6867
12/10/19,0.6817,N/A,0.6809,0.6818,0.6804
12/9/19,0.6829,N/A,0.6822,0.6837,0.6819
12/8/19,0.6831,N/A,0.6838,0.684,0.6829
12/6/19,0.6842,N/A,0.6833,0.6857,0.6824
12/5/19,0.6842,N/A,0.6833,0.6844,0.6831
12/4/19,0.6839,N/A,0.6849,0.6855,0.6834
12/3/19,0.6825,N/A,0.6846,0.6854,0.6823
12/2/19,0.6842,N/A,0.6817,0.6844,0.6815
12/1/19,0.6774,N/A,0.6764,0.6777,0.6762
11/29/19,0.6762,N/A,0.6768,0.6781,0.6754
11/28/19,0.6776,N/A,0.6768,0.6777,0.6764
11/27/19,0.6763,N/A,0.6775,0.6779,0.6759
11/26/19,0.6773,N/A,0.6787,0.6792,0.6772
11/25/19,0.678,N/A,0.6777,0.6786,0.6772
11/24/19,0.6797,N/A,0.6786,0.68,0.6786
11/22/19,0.6786,N/A,0.6784,0.6804,0.678
11/21/19,0.6787,N/A,0.6784,0.6795,0.6785
11/20/19,0.6794,N/A,0.6802,0.6804,0.6786
11/19/19,0.6826,N/A,0.6808,0.6835,0.6785
11/18/19,0.6794,N/A,0.6808,0.6813,0.6785
11/17/19,0.6818,N/A,0.6819,0.6821,0.6811
11/15/19,0.682,N/A,0.6786,0.6825,0.678
11/14/19,0.6796,N/A,0.6786,0.6799,0.6783
11/13/19,0.6796,N/A,0.6837,0.6842,0.6796
11/12/19,0.684,N/A,0.684,0.6857,0.6831
11/11/19,0.6837,N/A,0.6849,0.6854,0.6834
11/10/19,0.6855,N/A,0.6859,0.6862,0.6848
11/8/19,0.6861,N/A,0.6897,0.6906,0.6848
11/7/19,0.6881,N/A,0.6897,0.6906,0.6875
11/6/19,0.6867,N/A,0.6882,0.6885,0.6865
11/5/19,0.6894,N/A,0.6893,0.6898,0.6885
11/4/19,0.6882,N/A,0.6883,0.6895,0.6876
11/3/19,0.6923,N/A,0.6913,0.6924,0.6904
11/1/19,0.6914,N/A,0.6893,0.6922,0.6884
10/31/19,0.6901,N/A,0.6893,0.6902,0.6884
10/30/19,0.6922,N/A,0.6902,0.6928,0.6896
10/29/19,0.6861,N/A,0.6864,0.6872,0.6848
10/28/19,0.6842,N/A,0.6838,0.6845,0.6835
10/27/19,0.6815,N/A,0.6822,0.6826,0.6815
10/25/19,0.6823,N/A,0.6817,0.6836,0.6808
10/24/19,0.6815,N/A,0.6817,0.6821,0.6811
10/23/19,0.6857,N/A,0.6853,0.6857,0.6844
10/22/19,0.6841,N/A,0.6855,0.6863,0.6841
10/21/19,0.6881,N/A,0.6866,0.6883,0.6864
10/20/19,0.6862,N/A,0.6855,0.6862,0.6841
10/18/19,0.6856,N/A,0.6823,0.6857,0.6822
10/17/19,0.6825,N/A,0.6823,0.6838,0.6822
10/16/19,0.6788,N/A,0.6756,0.6792,0.6723
10/15/19,0.6734,N/A,0.6752,0.6756,0.6727
10/14/19,0.6782,N/A,0.6774,0.6789,0.6765
10/13/19,0.6784,N/A,0.6787,0.6802,0.6772
10/11/19,0.6789,N/A,0.6761,0.6811,0.671
10/10/19,0.6773,N/A,0.6761,0.6775,0.671
10/9/19,0.6743,N/A,0.6723,0.6756,0.671
10/8/19,0.674,N/A,0.6728,0.674,0.6723
10/7/19,0.674,N/A,0.6731,0.6766,0.6728
10/4/19,0.6772,N/A,0.6741,0.6774,0.6738
10/3/19,0.6754,N/A,0.6741,0.676,0.6738
10/2/19,0.6714,N/A,0.6703,0.6717,0.6703
10/1/19,0.6714,N/A,0.6702,0.6717,0.6698
9/30/19,0.6748,N/A,0.6749,0.676,0.6748
9/29/19,0.6763,N/A,0.6765,0.677,0.6754
9/27/19,0.6765,N/A,0.6748,0.678,0.6744
9/26/19,0.6754,N/A,0.6748,0.6756,0.6744
9/25/19,0.675,N/A,0.675,0.676,0.6746
9/24/19,0.6794,N/A,0.6799,0.6803,0.6784
9/23/19,0.6774,N/A,0.6773,0.6779,0.6764
9/22/19,0.6775,N/A,0.6768,0.6775,0.6764
9/20/19,0.6769,N/A,0.6789,0.6809,0.676
9/19/19,0.6784,N/A,0.6789,0.6796,0.6778
9/18/19,0.6794,N/A,0.6827,0.6833,0.679
9/17/19,0.6855,N/A,0.6864,0.6869,0.6854
9/16/19,0.6843,N/A,0.6864,0.6871,0.6841
9/15/19,0.6868,N/A,0.6877,0.6884,0.6864
9/13/19,0.6878,N/A,0.6866,0.6891,0.6858
9/12/19,0.6868,N/A,0.6866,0.6874,0.6858
9/11/19,0.6869,N/A,0.6861,0.6882,0.6859
9/10/19,0.6856,N/A,0.6859,0.6864,0.6848
9/9/19,0.6866,N/A,0.6846,0.6873,0.6837
9/8/19,0.6854,N/A,0.6846,0.6855,0.6837
9/6/19,0.6848,N/A,0.6813,0.6862,0.6807
9/5/19,0.6815,N/A,0.6813,0.6817,0.6807
9/4/19,0.682,N/A,0.6796,0.6825,0.6794
8/16/19,0.6784,N/A,0.6775,0.6795,0.6771
8/15/19,0.6781,N/A,0.6775,0.6783,0.6771
8/14/19,0.6781,N/A,0.6747,0.6787,0.6745
8/13/19,0.6789,N/A,0.68,0.6808,0.6781
8/6/19,0.6784,N/A,0.6756,0.6801,0.6751
8/5/19,0.6776,N/A,0.6756,0.6792,0.6751
8/4/19,0.6765,N/A,0.6799,0.6804,0.6748
8/2/19,0.68,N/A,0.6799,0.6819,0.6764
8/1/19,0.6815,N/A,0.6799,0.6816,0.6794
7/31/19,0.6855,N/A,0.6844,0.6855,0.6828
7/30/19,0.6884,N/A,0.6871,0.6891,0.6863
7/29/19,0.6897,N/A,0.6901,0.6905,0.6895
7/28/19,0.691,N/A,0.6908,0.6916,0.6903
7/26/19,0.691,N/A,0.695,0.6956,0.6903
7/25/19,0.6946,N/A,0.695,0.6956,0.694
7/24/19,0.6981,N/A,0.6976,0.6985,0.6974
7/23/19,0.6979,N/A,0.7004,0.7009,0.6976
7/22/19,0.7028,N/A,0.7034,0.7037,0.7023
7/21/19,0.7043,N/A,0.7042,0.7047,0.7037
7/19/19,0.7038,N/A,0.7075,0.7082,0.7037
7/18/19,0.7076,N/A,0.7075,0.7082,0.7055
7/17/19,0.702,N/A,0.7009,0.7026,0.7006
7/16/19,0.7012,N/A,0.7012,0.702,0.701
7/15/19,0.7035,N/A,0.7039,0.7045,0.7032
7/14/19,0.703,N/A,0.7017,0.7031,0.7012
7/12/19,0.7019,N/A,0.6973,0.7025,0.6972
7/11/19,0.6986,N/A,0.6973,0.699,0.6972
7/10/19,0.6964,N/A,0.6957,0.6968,0.6954
7/9/19,0.692,N/A,0.6927,0.6932,0.6919
7/8/19,0.6963,N/A,0.697,0.6976,0.6956
7/7/19,0.6985,N/A,0.6979,0.6987,0.6976
7/5/19,0.6979,N/A,0.7019,0.703,0.6956
7/4/19,0.7024,N/A,0.7019,0.703,0.702
7/3/19,0.7043,N/A,0.7028,0.7044,0.7026
7/2/19,0.699,N/A,0.6994,0.6997,0.6985
7/1/19,0.6975,N/A,0.6965,0.6977,0.6962
6/30/19,0.7004,N/A,0.702,0.7035,0.6996
6/28/19,0.7021,N/A,0.7008,0.7024,0.6997
6/27/19,0.7006,N/A,0.7008,0.701,0.6997
6/26/19,0.6998,N/A,0.6983,0.6999,0.6984
6/25/19,0.6966,N/A,0.6957,0.6966,0.6952
6/24/19,0.6968,N/A,0.6961,0.6973,0.6955
6/23/19,0.6947,N/A,0.6923,0.6954,0.6929
6/21/19,0.6928,N/A,0.6922,0.6938,0.6903
6/20/19,0.6933,N/A,0.6922,0.6938,0.6916
6/19/19,0.6892,N/A,0.6881,0.6907,0.6877
6/18/19,0.6877,N/A,0.6876,0.6886,0.6873
6/17/19,0.6844,N/A,0.6852,0.6885,0.6841
6/16/19,0.6882,N/A,0.6872,0.6883,0.6871
6/14/19,0.6873,N/A,0.6913,0.6918,0.6862
6/13/19,0.69,N/A,0.6913,0.6918,0.6892
6/12/19,0.6916,N/A,0.6928,0.6936,0.6912
6/11/19,0.6955,N/A,0.696,0.6964,0.6952
6/10/19,0.6956,N/A,0.6961,0.6966,0.6953
6/9/19,0.6981,N/A,0.6998,0.7009,0.6978
6/7/19,0.7,N/A,0.6976,0.7022,0.6964
6/6/19,0.6976,N/A,0.6976,0.698,0.6973
6/5/19,0.6966,N/A,0.6969,0.6974,0.6964
6/4/19,0.6998,N/A,0.699,0.7002,0.6986
6/3/19,0.6966,N/A,0.6976,0.6978,0.6962
6/2/19,0.6954,N/A,0.6938,0.6954,0.6927
5/31/19,0.6939,N/A,0.6911,0.6944,0.6902
5/30/19,0.6912,N/A,0.6911,0.6918,0.6902
5/29/19,0.6922,N/A,0.6917,0.6929,0.6916
5/28/19,0.6926,N/A,0.6922,0.6931,0.6919
5/27/19,0.6924,N/A,0.6917,0.6926,0.6916
5/26/19,0.6935,N/A,0.6923,0.6937,0.6925
5/24/19,0.6926,N/A,0.6899,0.6935,0.6881
5/23/19,0.6885,N/A,0.6899,0.6906,0.6883
5/22/19,0.687,N/A,0.688,0.6883,0.6866
5/21/19,0.6881,N/A,0.6883,0.6887,0.6874
5/20/19,0.6912,N/A,0.6906,0.6929,0.6905
5/19/19,0.6914,N/A,0.6868,0.692,0.689
5/17/19,0.6867,N/A,0.6892,0.6897,0.6865
5/16/19,0.6895,N/A,0.6892,0.6897,0.6885
5/15/19,0.6917,N/A,0.6927,0.6934,0.6894
5/14/19,0.6929,N/A,0.6941,0.6948,0.6923
5/13/19,0.6954,N/A,0.6943,0.6959,0.6939
5/12/19,0.6977,N/A,0.7,0.7005,0.6974
5/10/19,0.7001,N/A,0.6988,0.7018,0.6982
5/9/19,0.7012,N/A,0.6988,0.7018,0.6982
5/8/19,0.6968,N/A,0.6988,0.6997,0.6968
5/7/19,0.7016,N/A,0.7011,0.7023,0.6999
5/6/19,0.6999,N/A,0.6989,0.7005,0.6981
5/5/19,0.6974,N/A,0.7023,0.7,0.6963
5/3/19,0.7024,N/A,0.7024,0.7025,0.6985
3/18/19,0.7091,N/A,0.7087,0.712,0.7078
3/15/19,0.7087,N/A,0.7064,0.7097,0.7062
3/14/19,0.7063,N/A,0.7093,0.7098,0.7042
3/13/19,0.7087,N/A,0.708,0.7089,0.7049
3/12/19,0.7064,N/A,0.708,0.7084,0.7056
3/11/19,0.7068,N/A,0.7069,0.7072,0.7067
3/8/19,0.7055,N/A,0.7055,0.7055,0.7003